contractSymbol,Type,Expiry,T,strike,lastPrice,bid,ask,impliedVolatility,volume,openInterest,Underlying,Underlying_Price
SPY260217C00500000,Call,2026-02-16,0.0027397260273972603,500.0,196.0,180.46,183.18,1.5468772656249998,,0,SPY,681.75
SPY260217C00550000,Call,2026-02-16,0.0027397260273972603,550.0,146.07,130.47,133.19,1.125004375,4.0,1,SPY,681.75
SPY260217C00595000,Call,2026-02-16,0.0027397260273972603,595.0,87.7,85.49,88.13,0.7226590234375,1.0,11,SPY,681.75
SPY260217C00635000,Call,2026-02-16,0.0027397260273972603,635.0,50.49,45.53,48.23,0.7189969506835938,288.0,2,SPY,681.75
SPY260217C00640000,Call,2026-02-16,0.0027397260273972603,640.0,40.26,40.55,43.24,0.6601596484375001,13.0,2,SPY,681.75
SPY260217C00645000,Call,2026-02-16,0.0027397260273972603,645.0,36.4,35.56,38.25,0.6003457934570313,15.0,9,SPY,681.75
SPY260217C00650000,Call,2026-02-16,0.0027397260273972603,650.0,31.78,31.7,32.19,0.3986876538085938,34.0,18,SPY,681.75
SPY260217C00655000,Call,2026-02-16,0.0027397260273972603,655.0,27.07,26.76,27.22,0.35205726074218746,11.0,9,SPY,681.75
SPY260217C00660000,Call,2026-02-16,0.0027397260273972603,660.0,21.67,21.83,22.29,0.30884480224609373,48.0,231,SPY,681.75
SPY260217C00661000,Call,2026-02-16,0.0027397260273972603,661.0,20.58,20.82,21.31,0.3002999658203125,5.0,2,SPY,681.75
SPY260217C00662000,Call,2026-02-16,0.0027397260273972603,662.0,19.44,19.69,20.3,0.28784891845703114,7.0,11,SPY,681.75
SPY260217C00663000,Call,2026-02-16,0.0027397260273972603,663.0,18.15,18.85,19.38,0.2866282275390625,76.0,13,SPY,681.75
SPY260217C00664000,Call,2026-02-16,0.0027397260273972603,664.0,17.66,17.92,18.39,0.27625235473632803,18.0,25,SPY,681.75
SPY260217C00665000,Call,2026-02-16,0.0027397260273972603,665.0,17.06,16.89,17.42,0.2679516564941406,611.0,12,SPY,681.75
SPY260217C00667000,Call,2026-02-16,0.0027397260273972603,667.0,14.9,14.98,15.54,0.2563550927734375,124.0,4,SPY,681.75
SPY260217C00668000,Call,2026-02-16,0.0027397260273972603,668.0,13.8,14.12,14.62,0.25135026000976557,11.0,3,SPY,681.75
SPY260217C00669000,Call,2026-02-16,0.0027397260273972603,669.0,13.0,13.19,13.7,0.2456130126953125,138.0,30,SPY,681.75
SPY260217C00670000,Call,2026-02-16,0.0027397260273972603,670.0,12.51,12.31,12.8,0.2406081799316406,235.0,51,SPY,681.75
SPY260217C00671000,Call,2026-02-16,0.0027397260273972603,671.0,10.62,11.31,11.91,0.2356033471679687,23.0,2,SPY,681.75
SPY260217C00672000,Call,2026-02-16,0.0027397260273972603,672.0,10.77,10.54,11.01,0.22876747802734376,135.0,33,SPY,681.75
SPY260217C00673000,Call,2026-02-16,0.0027397260273972603,673.0,9.96,9.8,10.21,0.2280350634765625,118.0,28,SPY,681.75
SPY260217C00674000,Call,2026-02-16,0.0027397260273972603,674.0,9.0,9.02,9.37,0.2230302307128906,91.0,176,SPY,681.75
SPY260217C00675000,Call,2026-02-16,0.0027397260273972603,675.0,8.33,8.31,8.45,0.21204401245117185,809.0,279,SPY,681.75
SPY260217C00676000,Call,2026-02-16,0.0027397260273972603,676.0,7.57,7.53,7.65,0.2074053869628906,512.0,257,SPY,681.75
SPY260217C00677000,Call,2026-02-16,0.0027397260273972603,677.0,6.71,6.76,6.89,0.2034991760253906,1472.0,218,SPY,681.75
SPY260217C00678000,Call,2026-02-16,0.0027397260273972603,678.0,6.05,6.02,6.15,0.1991046887207031,2302.0,308,SPY,681.75
SPY260217C00679000,Call,2026-02-16,0.0027397260273972603,679.0,5.35,5.31,5.43,0.19422192504882813,3648.0,197,SPY,681.75
SPY260217C00680000,Call,2026-02-16,0.0027397260273972603,680.0,4.63,4.65,4.7,0.1870198486328125,12992.0,564,SPY,681.75
SPY260217C00681000,Call,2026-02-16,0.0027397260273972603,681.0,4.02,4.01,4.04,0.1815267395019531,27751.0,458,SPY,681.75
SPY260217C00682000,Call,2026-02-16,0.0027397260273972603,682.0,3.44,3.4,3.44,0.17701018310546873,28541.0,1506,SPY,681.75
SPY260217C00683000,Call,2026-02-16,0.0027397260273972603,683.0,2.85,2.85,2.87,0.17163914306640626,38001.0,1046,SPY,681.75
SPY260217C00684000,Call,2026-02-16,0.0027397260273972603,684.0,2.35,2.33,2.35,0.16639017211914067,31290.0,2390,SPY,681.75
SPY260217C00685000,Call,2026-02-16,0.0027397260273972603,685.0,1.88,1.86,1.87,0.16053085571289064,61480.0,3380,SPY,681.75
SPY260217C00686000,Call,2026-02-16,0.0027397260273972603,686.0,1.44,1.44,1.46,0.1554039538574219,38192.0,2632,SPY,681.75
SPY260217C00687000,Call,2026-02-16,0.0027397260273972603,687.0,1.09,1.07,1.09,0.14917843017578125,36431.0,5503,SPY,681.75
SPY260217C00688000,Call,2026-02-16,0.0027397260273972603,688.0,0.79,0.77,0.79,0.14368532104492188,47915.0,4619,SPY,681.75
SPY260217C00689000,Call,2026-02-16,0.0027397260273972603,689.0,0.54,0.53,0.55,0.13843635009765626,39287.0,2333,SPY,681.75
SPY260217C00690000,Call,2026-02-16,0.0027397260273972603,690.0,0.36,0.35,0.37,0.133797724609375,40902.0,4157,SPY,681.75
SPY260217C00691000,Call,2026-02-16,0.0027397260273972603,691.0,0.24,0.23,0.24,0.12964737548828126,30330.0,2016,SPY,681.75
SPY260217C00692000,Call,2026-02-16,0.0027397260273972603,692.0,0.15,0.14,0.15,0.12622944091796873,14710.0,2996,SPY,681.75
SPY260217C00693000,Call,2026-02-16,0.0027397260273972603,693.0,0.1,0.09,0.1,0.12549702636718751,15138.0,2452,SPY,681.75
SPY260217C00694000,Call,2026-02-16,0.0027397260273972603,694.0,0.05,0.05,0.06,0.12305564453125001,24153.0,3372,SPY,681.75
SPY260217C00695000,Call,2026-02-16,0.0027397260273972603,695.0,0.04,0.03,0.04,0.12305564453125001,48302.0,10598,SPY,681.75
SPY260217C00696000,Call,2026-02-16,0.0027397260273972603,696.0,0.03,0.02,0.03,0.125985302734375,7031.0,4001,SPY,681.75
SPY260217C00697000,Call,2026-02-16,0.0027397260273972603,697.0,0.02,0.02,0.03,0.133797724609375,9517.0,10541,SPY,681.75
SPY260217C00698000,Call,2026-02-16,0.0027397260273972603,698.0,0.02,0.01,0.02,0.133797724609375,3389.0,2880,SPY,681.75
SPY260217C00699000,Call,2026-02-16,0.0027397260273972603,699.0,0.02,0.01,0.02,0.14063359375,2009.0,3362,SPY,681.75
SPY260217C00700000,Call,2026-02-16,0.0027397260273972603,700.0,0.02,0.01,0.02,0.148446015625,13683.0,11347,SPY,681.75
SPY260217C00701000,Call,2026-02-16,0.0027397260273972603,701.0,0.01,0.01,0.02,0.15430533203125002,809.0,2927,SPY,681.75
SPY260217C00702000,Call,2026-02-16,0.0027397260273972603,702.0,0.01,0.01,0.02,0.16211775390625,2587.0,2767,SPY,681.75
SPY260217C00703000,Call,2026-02-16,0.0027397260273972603,703.0,0.01,0.01,0.02,0.16797707031250003,899.0,4289,SPY,681.75
SPY260217C00704000,Call,2026-02-16,0.0027397260273972603,704.0,0.01,0.01,0.02,0.1757894921875,2354.0,2678,SPY,681.75
SPY260217C00705000,Call,2026-02-16,0.0027397260273972603,705.0,0.01,0.01,0.02,0.18360191406249998,1392.0,3513,SPY,681.75
SPY260217C00706000,Call,2026-02-16,0.0027397260273972603,706.0,0.01,0.01,0.02,0.18946123046875002,222.0,4205,SPY,681.75
SPY260217C00707000,Call,2026-02-16,0.0027397260273972603,707.0,0.01,0.0,0.01,0.18360191406249998,176.0,1575,SPY,681.75
SPY260217C00708000,Call,2026-02-16,0.0027397260273972603,708.0,0.01,0.0,0.01,0.187508125,117.0,583,SPY,681.75
SPY260217C00709000,Call,2026-02-16,0.0027397260273972603,709.0,0.01,0.0,0.01,0.195320546875,923.0,1334,SPY,681.75
SPY260217C00710000,Call,2026-02-16,0.0027397260273972603,710.0,0.01,0.0,0.01,0.1992267578125,108.0,2775,SPY,681.75
SPY260217C00711000,Call,2026-02-16,0.0027397260273972603,711.0,0.01,0.0,0.01,0.20703917968749996,21.0,2956,SPY,681.75
SPY260217C00712000,Call,2026-02-16,0.0027397260273972603,712.0,0.01,0.0,0.01,0.2148516015625,3.0,2144,SPY,681.75
SPY260217C00713000,Call,2026-02-16,0.0027397260273972603,713.0,0.01,0.0,0.01,0.21875781249999998,116.0,676,SPY,681.75
SPY260217C00714000,Call,2026-02-16,0.0027397260273972603,714.0,0.01,0.0,0.01,0.22657023437499998,89.0,476,SPY,681.75
SPY260217C00715000,Call,2026-02-16,0.0027397260273972603,715.0,0.01,0.0,0.01,0.2304764453125,457.0,7417,SPY,681.75
SPY260217C00716000,Call,2026-02-16,0.0027397260273972603,716.0,0.01,0.0,0.01,0.23828886718749998,101.0,185,SPY,681.75
SPY260217C00717000,Call,2026-02-16,0.0027397260273972603,717.0,0.01,0.0,0.01,0.242195078125,399.0,227,SPY,681.75
SPY260217C00718000,Call,2026-02-16,0.0027397260273972603,718.0,0.01,0.0,0.01,0.2500075,16.0,253,SPY,681.75
SPY260217C00720000,Call,2026-02-16,0.0027397260273972603,720.0,0.01,0.0,0.01,0.2617261328125,14.0,349,SPY,681.75
SPY260217C00725000,Call,2026-02-16,0.0027397260273972603,725.0,0.01,0.0,0.01,0.2929758203124999,21.0,1539,SPY,681.75
SPY260217C00730000,Call,2026-02-16,0.0027397260273972603,730.0,0.01,0.0,0.01,0.32031929687499994,304.0,383,SPY,681.75
SPY260217C00735000,Call,2026-02-16,0.0027397260273972603,735.0,0.01,0.0,0.01,0.35156898437499995,1.0,1453,SPY,681.75
SPY260217C00740000,Call,2026-02-16,0.0027397260273972603,740.0,0.01,0.0,0.01,0.3789124609375,5.0,81,SPY,681.75
SPY260217C00745000,Call,2026-02-16,0.0027397260273972603,745.0,0.01,0.0,0.01,0.4062559375,,6,SPY,681.75
SPY260217C00750000,Call,2026-02-16,0.0027397260273972603,750.0,0.01,0.0,0.01,0.437505625,1.0,2,SPY,681.75
SPY260217C00765000,Call,2026-02-16,0.0027397260273972603,765.0,0.01,0.0,0.01,0.51562984375,,1,SPY,681.75
SPY260217P00500000,Put,2026-02-16,0.0027397260273972603,500.0,0.01,0.0,0.01,1.2500037499999999,1.0,128,SPY,681.75
SPY260217P00505000,Put,2026-02-16,0.0027397260273972603,505.0,0.05,0.0,0.01,1.1875040625,,125,SPY,681.75
SPY260217P00510000,Put,2026-02-16,0.0027397260273972603,510.0,0.1,0.0,0.01,1.15625421875,,3,SPY,681.75
SPY260217P00515000,Put,2026-02-16,0.0027397260273972603,515.0,0.05,0.0,0.01,1.125004375,,7,SPY,681.75
SPY260217P00520000,Put,2026-02-16,0.0027397260273972603,520.0,0.01,0.0,0.01,1.09375453125,1.0,48,SPY,681.75
SPY260217P00525000,Put,2026-02-16,0.0027397260273972603,525.0,0.01,0.0,0.01,1.0625046875000002,1.0,36,SPY,681.75
SPY260217P00535000,Put,2026-02-16,0.0027397260273972603,535.0,0.01,0.0,0.01,0.9687503125,6.0,50,SPY,681.75
SPY260217P00540000,Put,2026-02-16,0.0027397260273972603,540.0,0.01,0.0,0.01,0.937500625,7.0,6,SPY,681.75
SPY260217P00545000,Put,2026-02-16,0.0027397260273972603,545.0,0.01,0.0,0.01,0.9062509375,2106.0,85,SPY,681.75
SPY260217P00550000,Put,2026-02-16,0.0027397260273972603,550.0,0.01,0.0,0.01,0.87500125,2683.0,1326,SPY,681.75
SPY260217P00555000,Put,2026-02-16,0.0027397260273972603,555.0,0.01,0.0,0.01,0.8437515624999999,2096.0,618,SPY,681.75
SPY260217P00560000,Put,2026-02-16,0.0027397260273972603,560.0,0.01,0.0,0.01,0.8125018749999999,2111.0,564,SPY,681.75
SPY260217P00565000,Put,2026-02-16,0.0027397260273972603,565.0,0.01,0.0,0.01,0.7812521875,146.0,194,SPY,681.75
SPY260217P00570000,Put,2026-02-16,0.0027397260273972603,570.0,0.01,0.01,0.02,0.8125018749999999,114.0,104,SPY,681.75
SPY260217P00575000,Put,2026-02-16,0.0027397260273972603,575.0,0.03,0.01,0.02,0.773439765625,251.0,1032,SPY,681.75
SPY260217P00580000,Put,2026-02-16,0.0027397260273972603,580.0,0.02,0.01,0.02,0.73437765625,199.0,132,SPY,681.75
SPY260217P00585000,Put,2026-02-16,0.0027397260273972603,585.0,0.03,0.01,0.02,0.70312796875,61.0,165,SPY,681.75
SPY260217P00590000,Put,2026-02-16,0.0027397260273972603,590.0,0.02,0.01,0.02,0.6640658593750002,641.0,478,SPY,681.75
SPY260217P00595000,Put,2026-02-16,0.0027397260273972603,595.0,0.03,0.02,0.03,0.6601596484375001,92.0,757,SPY,681.75
SPY260217P00600000,Put,2026-02-16,0.0027397260273972603,600.0,0.04,0.02,0.03,0.6250037500000001,1264.0,1251,SPY,681.75
SPY260217P00605000,Put,2026-02-16,0.0027397260273972603,605.0,0.03,0.02,0.03,0.585941640625,5893.0,514,SPY,681.75
SPY260217P00610000,Put,2026-02-16,0.0027397260273972603,610.0,0.04,0.03,0.04,0.570316796875,1792.0,569,SPY,681.75
SPY260217P00615000,Put,2026-02-16,0.0027397260273972603,615.0,0.04,0.03,0.04,0.5312546875,1946.0,476,SPY,681.75
SPY260217P00620000,Put,2026-02-16,0.0027397260273972603,620.0,0.05,0.04,0.05,0.507817421875,8306.0,1477,SPY,681.75
SPY260217P00625000,Put,2026-02-16,0.0027397260273972603,625.0,0.06,0.04,0.05,0.47461462890625,3427.0,3551,SPY,681.75
SPY260217P00630000,Put,2026-02-16,0.0027397260273972603,630.0,0.06,0.05,0.06,0.445318046875,2452.0,4000,SPY,681.75
SPY260217P00635000,Put,2026-02-16,0.0027397260273972603,635.0,0.07,0.06,0.07,0.414068359375,7382.0,1212,SPY,681.75
SPY260217P00640000,Put,2026-02-16,0.0027397260273972603,640.0,0.08,0.07,0.08,0.38086556640624997,11604.0,3101,SPY,681.75
SPY260217P00645000,Put,2026-02-16,0.0027397260273972603,645.0,0.08,0.08,0.09,0.344733115234375,16023.0,3726,SPY,681.75
SPY260217P00650000,Put,2026-02-16,0.0027397260273972603,650.0,0.11,0.1,0.11,0.31250687499999996,15231.0,3948,SPY,681.75
SPY260217P00655000,Put,2026-02-16,0.0027397260273972603,655.0,0.15,0.14,0.15,0.2827220166015625,12410.0,1439,SPY,681.75
SPY260217P00660000,Put,2026-02-16,0.0027397260273972603,660.0,0.21,0.21,0.22,0.25440198730468755,28715.0,2574,SPY,681.75
SPY260217P00661000,Put,2026-02-16,0.0027397260273972603,661.0,0.24,0.23,0.24,0.249030947265625,7772.0,401,SPY,681.75
SPY260217P00662000,Put,2026-02-16,0.0027397260273972603,662.0,0.26,0.26,0.27,0.245124736328125,3329.0,887,SPY,681.75
SPY260217P00663000,Put,2026-02-16,0.0027397260273972603,663.0,0.29,0.29,0.3,0.24024197265624997,4577.0,725,SPY,681.75
SPY260217P00664000,Put,2026-02-16,0.0027397260273972603,664.0,0.33,0.32,0.34,0.23657989990234374,3325.0,721,SPY,681.75
SPY260217P00665000,Put,2026-02-16,0.0027397260273972603,665.0,0.38,0.37,0.38,0.23194127441406248,11616.0,2230,SPY,681.75
SPY260217P00666000,Put,2026-02-16,0.0027397260273972603,666.0,0.43,0.42,0.44,0.22925575439453127,4265.0,902,SPY,681.75
SPY260217P00667000,Put,2026-02-16,0.0027397260273972603,667.0,0.49,0.48,0.5,0.22534954345703123,6412.0,1884,SPY,681.75
SPY260217P00668000,Put,2026-02-16,0.0027397260273972603,668.0,0.57,0.56,0.57,0.22168747070312497,6222.0,1389,SPY,681.75
SPY260217P00669000,Put,2026-02-16,0.0027397260273972603,669.0,0.64,0.64,0.66,0.21900195068359374,6476.0,1360,SPY,681.75
SPY260217P00670000,Put,2026-02-16,0.0027397260273972603,670.0,0.74,0.74,0.75,0.21509573974609375,27363.0,3366,SPY,681.75
SPY260217P00671000,Put,2026-02-16,0.0027397260273972603,671.0,0.86,0.85,0.87,0.21265435791015624,9374.0,2208,SPY,681.75
SPY260217P00672000,Put,2026-02-16,0.0027397260273972603,672.0,0.99,0.97,1.0,0.20948056152343747,6863.0,1840,SPY,681.75
SPY260217P00673000,Put,2026-02-16,0.0027397260273972603,673.0,1.12,1.12,1.14,0.20581848876953124,14998.0,1291,SPY,681.75
SPY260217P00674000,Put,2026-02-16,0.0027397260273972603,674.0,1.29,1.28,1.31,0.20288883056640622,12095.0,997,SPY,681.75
SPY260217P00675000,Put,2026-02-16,0.0027397260273972603,675.0,1.48,1.47,1.49,0.1991046887207031,28449.0,24739,SPY,681.75
SPY260217P00676000,Put,2026-02-16,0.0027397260273972603,676.0,1.7,1.68,1.7,0.19568675415039063,17917.0,958,SPY,681.75
SPY260217P00677000,Put,2026-02-16,0.0027397260273972603,677.0,1.93,1.91,1.94,0.192390888671875,17717.0,1482,SPY,681.75
SPY260217P00678000,Put,2026-02-16,0.0027397260273972603,678.0,2.18,2.17,2.2,0.18842364318847654,22743.0,1302,SPY,681.75
SPY260217P00679000,Put,2026-02-16,0.0027397260273972603,679.0,2.5,2.46,2.49,0.18433432861328125,28992.0,2475,SPY,681.75
SPY260217P00680000,Put,2026-02-16,0.0027397260273972603,680.0,2.8,2.78,2.8,0.17945156494140624,59250.0,8310,SPY,681.75
SPY260217P00681000,Put,2026-02-16,0.0027397260273972603,681.0,3.13,3.14,3.16,0.17505707763671874,36779.0,1916,SPY,681.75
SPY260217P00682000,Put,2026-02-16,0.0027397260273972603,682.0,3.53,3.53,3.57,0.1710287976074219,40902.0,2612,SPY,681.75
SPY260217P00683000,Put,2026-02-16,0.0027397260273972603,683.0,3.96,3.91,4.01,0.16614603393554692,24179.0,1486,SPY,681.75
SPY260217P00684000,Put,2026-02-16,0.0027397260273972603,684.0,4.5,4.38,4.51,0.16175154663085936,31665.0,1504,SPY,681.75
SPY260217P00685000,Put,2026-02-16,0.0027397260273972603,685.0,5.0,4.79,5.12,0.16053085571289064,35273.0,2884,SPY,681.75
SPY260217P00686000,Put,2026-02-16,0.0027397260273972603,686.0,5.51,5.38,5.79,0.15992051025390625,14559.0,1248,SPY,681.75
SPY260217P00687000,Put,2026-02-16,0.0027397260273972603,687.0,6.26,6.05,6.44,0.1554039538574219,2465.0,902,SPY,681.75
SPY260217P00688000,Put,2026-02-16,0.0027397260273972603,688.0,6.97,6.71,7.3,0.16162947753906248,1268.0,1375,SPY,681.75
SPY260217P00689000,Put,2026-02-16,0.0027397260273972603,689.0,8.29,7.5,8.02,0.15589223022460938,2550.0,1514,SPY,681.75
SPY260217P00690000,Put,2026-02-16,0.0027397260273972603,690.0,8.52,8.32,8.67,0.13892462646484377,2838.0,2550,SPY,681.75
SPY260217P00691000,Put,2026-02-16,0.0027397260273972603,691.0,10.03,9.21,9.68,0.1514977429199219,605.0,914,SPY,681.75
SPY260217P00692000,Put,2026-02-16,0.0027397260273972603,692.0,10.86,10.1,10.71,0.16602396484375004,799.0,1499,SPY,681.75
SPY260217P00693000,Put,2026-02-16,0.0027397260273972603,693.0,11.89,11.05,11.6,0.165047412109375,842.0,1793,SPY,681.75
SPY260217P00694000,Put,2026-02-16,0.0027397260273972603,694.0,12.4,11.8,12.88,0.20618469604492184,434.0,1893,SPY,681.75
SPY260217P00695000,Put,2026-02-16,0.0027397260273972603,695.0,13.3,13.02,13.6,0.18628743408203124,712.0,872,SPY,681.75
SPY260217P00696000,Put,2026-02-16,0.0027397260273972603,696.0,14.25,14.04,14.48,0.178719150390625,115.0,41,SPY,681.75
SPY260217P00697000,Put,2026-02-16,0.0027397260273972603,697.0,15.66,15.05,15.47,0.186531572265625,97.0,12,SPY,681.75
SPY260217P00698000,Put,2026-02-16,0.0027397260273972603,698.0,17.03,16.01,16.47,0.19605296142578127,25.0,3,SPY,681.75
SPY260217P00699000,Put,2026-02-16,0.0027397260273972603,699.0,17.8,17.02,17.38,0.1860432958984375,9.0,51,SPY,681.75
SPY260217P00700000,Put,2026-02-16,0.0027397260273972603,700.0,17.71,18.03,18.49,0.21875781249999998,64.0,26,SPY,681.75
SPY260217P00701000,Put,2026-02-16,0.0027397260273972603,701.0,19.03,19.04,19.39,0.20606262695312497,2.0,3,SPY,681.75
SPY260217P00702000,Put,2026-02-16,0.0027397260273972603,702.0,19.52,20.02,20.48,0.23535920898437498,24.0,4,SPY,681.75
SPY260217P00703000,Put,2026-02-16,0.0027397260273972603,703.0,18.5,19.89,22.61,0.38013315185546875,29.0,0,SPY,681.75
SPY260217P00704000,Put,2026-02-16,0.0027397260273972603,704.0,19.5,20.89,23.62,0.39282833740234374,5.0,0,SPY,681.75
SPY260217P00705000,Put,2026-02-16,0.0027397260273972603,705.0,19.5,21.89,24.61,0.40369248657226564,6.0,20,SPY,681.75
SPY260217P00706000,Put,2026-02-16,0.0027397260273972603,706.0,20.0,22.89,25.61,0.41528905029296875,5.0,0,SPY,681.75
SPY260217P00707000,Put,2026-02-16,0.0027397260273972603,707.0,22.37,23.89,26.61,0.4270076831054688,8.0,0,SPY,681.75
SPY260217P00708000,Put,2026-02-16,0.0027397260273972603,708.0,20.25,24.89,27.61,0.43848217773437503,,0,SPY,681.75
SPY260217P00710000,Put,2026-02-16,0.0027397260273972603,710.0,28.05,26.89,29.61,0.46106495971679695,10.0,0,SPY,681.75
SPY260217P00713000,Put,2026-02-16,0.0027397260273972603,713.0,18.5,29.89,32.62,0.4953663745117188,,0,SPY,681.75
SPY260217P00715000,Put,2026-02-16,0.0027397260273972603,715.0,22.27,31.89,34.61,0.5162401892089843,,0,SPY,681.75
SPY260217P00720000,Put,2026-02-16,0.0027397260273972603,720.0,35.26,36.89,39.61,0.5695843823242188,3.0,0,SPY,681.75
SPY260217P00740000,Put,2026-02-16,0.0027397260273972603,740.0,48.0,56.89,59.61,0.7695335546875001,4.0,0,SPY,681.75
SPY260217P00885000,Put,2026-02-16,0.0027397260273972603,885.0,195.78,201.89,204.61,0.500005,,0,SPY,681.75
SPY260218C00600000,Call,2026-02-17,0.005479452054794521,600.0,80.03,80.58,83.22,0.624027197265625,,2,SPY,681.75
SPY260218C00625000,Call,2026-02-17,0.005479452054794521,625.0,57.92,55.61,58.32,0.6940948559570312,2.0,2,SPY,681.75
SPY260218C00640000,Call,2026-02-17,0.005479452054794521,640.0,45.01,40.68,43.36,0.5502974658203126,4.0,1,SPY,681.75
SPY260218C00645000,Call,2026-02-17,0.005479452054794521,645.0,42.68,36.93,37.33,0.38867798828125,1.0,1,SPY,681.75
SPY260218C00650000,Call,2026-02-17,0.005479452054794521,650.0,36.01,31.99,32.41,0.3557193334960937,4.0,2,SPY,681.75
SPY260218C00655000,Call,2026-02-17,0.005479452054794521,655.0,26.01,26.96,27.52,0.3227606787109374,7.0,2,SPY,681.75
SPY260218C00660000,Call,2026-02-17,0.005479452054794521,660.0,25.74,22.32,22.73,0.29492892578124996,5.0,6,SPY,681.75
SPY260218C00661000,Call,2026-02-17,0.005479452054794521,661.0,23.83,21.24,21.78,0.2890696093749999,1.0,3,SPY,681.75
SPY260218C00662000,Call,2026-02-17,0.005479452054794521,662.0,33.38,20.26,20.86,0.2854075366210937,5.0,5,SPY,681.75
SPY260218C00663000,Call,2026-02-17,0.005479452054794521,663.0,31.13,19.41,19.88,0.2766185620117187,1.0,1,SPY,681.75
SPY260218C00665000,Call,2026-02-17,0.005479452054794521,665.0,21.27,17.71,18.06,0.26856200195312496,67.0,6,SPY,681.75
SPY260218C00667000,Call,2026-02-17,0.005479452054794521,667.0,16.71,15.72,16.29,0.26148199462890626,2.0,20,SPY,681.75
SPY260218C00668000,Call,2026-02-17,0.005479452054794521,668.0,15.05,14.84,15.39,0.2561109545898438,7.0,4,SPY,681.75
SPY260218C00669000,Call,2026-02-17,0.005479452054794521,669.0,14.23,13.98,14.55,0.2536695727539063,2.0,3,SPY,681.75
SPY260218C00670000,Call,2026-02-17,0.005479452054794521,670.0,13.38,13.22,13.69,0.2493971545410156,9.0,74,SPY,681.75
SPY260218C00671000,Call,2026-02-17,0.005479452054794521,671.0,13.93,12.29,12.82,0.24390404541015626,40.0,3,SPY,681.75
SPY260218C00672000,Call,2026-02-17,0.005479452054794521,672.0,11.58,11.69,11.96,0.23828886718749998,81.0,56,SPY,681.75
SPY260218C00673000,Call,2026-02-17,0.005479452054794521,673.0,13.67,10.88,11.15,0.23450472534179687,161.0,104,SPY,681.75
SPY260218C00674000,Call,2026-02-17,0.005479452054794521,674.0,9.98,10.08,10.35,0.23041541076660155,96.0,75,SPY,681.75
SPY260218C00675000,Call,2026-02-17,0.005479452054794521,675.0,9.16,9.3,9.54,0.2249833361816406,346.0,147,SPY,681.75
SPY260218C00676000,Call,2026-02-17,0.005479452054794521,676.0,7.88,8.54,8.73,0.21875781249999998,684.0,257,SPY,681.75
SPY260218C00677000,Call,2026-02-17,0.005479452054794521,677.0,7.93,7.8,8.05,0.21741505249023438,958.0,261,SPY,681.75
SPY260218C00678000,Call,2026-02-17,0.005479452054794521,678.0,7.21,7.17,7.24,0.2093584924316406,1153.0,139,SPY,681.75
SPY260218C00679000,Call,2026-02-17,0.005479452054794521,679.0,6.28,6.47,6.54,0.20508607421874997,1307.0,390,SPY,681.75
SPY260218C00680000,Call,2026-02-17,0.005479452054794521,680.0,5.8,5.8,5.86,0.2004474487304687,5046.0,807,SPY,681.75
SPY260218C00681000,Call,2026-02-17,0.005479452054794521,681.0,5.1,5.16,5.2,0.19544261596679688,4106.0,598,SPY,681.75
SPY260218C00682000,Call,2026-02-17,0.005479452054794521,682.0,4.57,4.54,4.58,0.1907429559326172,7631.0,846,SPY,681.75
SPY260218C00683000,Call,2026-02-17,0.005479452054794521,683.0,3.96,3.95,3.99,0.1859212268066406,5367.0,1059,SPY,681.75
SPY260218C00684000,Call,2026-02-17,0.005479452054794521,684.0,3.42,3.39,3.43,0.18079432495117187,6612.0,1212,SPY,681.75
SPY260218C00685000,Call,2026-02-17,0.005479452054794521,685.0,2.89,2.87,2.9,0.1753012158203125,8910.0,1933,SPY,681.75
SPY260218C00686000,Call,2026-02-17,0.005479452054794521,686.0,2.41,2.39,2.42,0.17011327941894533,5298.0,1298,SPY,681.75
SPY260218C00687000,Call,2026-02-17,0.005479452054794521,687.0,1.97,1.94,1.97,0.16431499755859375,5164.0,980,SPY,681.75
SPY260218C00688000,Call,2026-02-17,0.005479452054794521,688.0,1.57,1.55,1.57,0.15863878479003907,3936.0,648,SPY,681.75
SPY260218C00689000,Call,2026-02-17,0.005479452054794521,689.0,1.22,1.2,1.22,0.15296257202148442,5172.0,1076,SPY,681.75
SPY260218C00690000,Call,2026-02-17,0.005479452054794521,690.0,0.92,0.91,0.93,0.14795773925781253,10671.0,2399,SPY,681.75
SPY260218C00691000,Call,2026-02-17,0.005479452054794521,691.0,0.68,0.67,0.68,0.14246463012695312,5188.0,1307,SPY,681.75
SPY260218C00692000,Call,2026-02-17,0.005479452054794521,692.0,0.49,0.47,0.49,0.13807014282226562,4120.0,1480,SPY,681.75
SPY260218C00693000,Call,2026-02-17,0.005479452054794521,693.0,0.35,0.33,0.34,0.13355358642578125,6205.0,1113,SPY,681.75
SPY260218C00694000,Call,2026-02-17,0.005479452054794521,694.0,0.23,0.23,0.24,0.13111220458984374,5323.0,2028,SPY,681.75
SPY260218C00695000,Call,2026-02-17,0.005479452054794521,695.0,0.15,0.15,0.16,0.12769427001953126,9123.0,2312,SPY,681.75
SPY260218C00696000,Call,2026-02-17,0.005479452054794521,696.0,0.11,0.1,0.11,0.125985302734375,4945.0,2471,SPY,681.75
SPY260218C00697000,Call,2026-02-17,0.005479452054794521,697.0,0.07,0.06,0.07,0.1235439208984375,8089.0,1005,SPY,681.75
SPY260218C00698000,Call,2026-02-17,0.005479452054794521,698.0,0.05,0.04,0.05,0.124032197265625,4214.0,1284,SPY,681.75
SPY260218C00699000,Call,2026-02-17,0.005479452054794521,699.0,0.03,0.03,0.04,0.125985302734375,1836.0,1240,SPY,681.75
SPY260218C00700000,Call,2026-02-17,0.005479452054794521,700.0,0.03,0.02,0.03,0.12696185546875,3203.0,5888,SPY,681.75
SPY260218C00701000,Call,2026-02-17,0.005479452054794521,701.0,0.02,0.02,0.03,0.132821171875,661.0,2011,SPY,681.75
SPY260218C00702000,Call,2026-02-17,0.005479452054794521,702.0,0.02,0.01,0.02,0.132821171875,1537.0,1516,SPY,681.75
SPY260218C00703000,Call,2026-02-17,0.005479452054794521,703.0,0.01,0.01,0.02,0.13868048828125001,153.0,1931,SPY,681.75
SPY260218C00704000,Call,2026-02-17,0.005479452054794521,704.0,0.02,0.01,0.02,0.143563251953125,378.0,1697,SPY,681.75
SPY260218C00705000,Call,2026-02-17,0.005479452054794521,705.0,0.01,0.01,0.02,0.148446015625,396.0,2037,SPY,681.75
SPY260218C00706000,Call,2026-02-17,0.005479452054794521,706.0,0.02,0.01,0.02,0.15430533203125002,38.0,1363,SPY,681.75
SPY260218C00707000,Call,2026-02-17,0.005479452054794521,707.0,0.01,0.01,0.02,0.1601646484375,123.0,3449,SPY,681.75
SPY260218C00708000,Call,2026-02-17,0.005479452054794521,708.0,0.01,0.01,0.02,0.16602396484375004,553.0,2319,SPY,681.75
SPY260218C00709000,Call,2026-02-17,0.005479452054794521,709.0,0.01,0.01,0.02,0.17188328125000002,13.0,813,SPY,681.75
SPY260218C00710000,Call,2026-02-17,0.005479452054794521,710.0,0.02,0.01,0.02,0.1757894921875,71.0,922,SPY,681.75
SPY260218C00711000,Call,2026-02-17,0.005479452054794521,711.0,0.01,0.01,0.02,0.18164880859375,14.0,673,SPY,681.75
SPY260218C00712000,Call,2026-02-17,0.005479452054794521,712.0,0.01,0.01,0.02,0.187508125,500.0,8367,SPY,681.75
SPY260218C00713000,Call,2026-02-17,0.005479452054794521,713.0,0.01,0.01,0.02,0.19336744140625,18.0,687,SPY,681.75
SPY260218C00714000,Call,2026-02-17,0.005479452054794521,714.0,0.01,0.01,0.02,0.19727365234375,17.0,96,SPY,681.75
SPY260218C00715000,Call,2026-02-17,0.005479452054794521,715.0,0.01,0.01,0.02,0.20313296874999998,50.0,240,SPY,681.75
SPY260218C00716000,Call,2026-02-17,0.005479452054794521,716.0,0.01,0.01,0.02,0.20899228515624996,45.0,65,SPY,681.75
SPY260218C00717000,Call,2026-02-17,0.005479452054794521,717.0,0.02,0.01,0.02,0.2148516015625,1.0,87,SPY,681.75
SPY260218C00718000,Call,2026-02-17,0.005479452054794521,718.0,0.01,0.01,0.02,0.21875781249999998,4.0,362,SPY,681.75
SPY260218C00720000,Call,2026-02-17,0.005479452054794521,720.0,0.01,0.0,0.01,0.2148516015625,52.0,943,SPY,681.75
SPY260218C00725000,Call,2026-02-17,0.005479452054794521,725.0,0.01,0.0,0.01,0.23828886718749998,46.0,670,SPY,681.75
SPY260218C00730000,Call,2026-02-17,0.005479452054794521,730.0,0.02,0.0,0.01,0.2617261328125,7.0,489,SPY,681.75
SPY260218C00735000,Call,2026-02-17,0.005479452054794521,735.0,0.01,0.0,0.01,0.28516339843749994,59.0,60,SPY,681.75
SPY260218C00740000,Call,2026-02-17,0.005479452054794521,740.0,0.01,0.0,0.01,0.3086006640625,42.0,162,SPY,681.75
SPY260218C00750000,Call,2026-02-17,0.005479452054794521,750.0,0.01,0.0,0.01,0.35547519531249994,7.0,8,SPY,681.75
SPY260218C00760000,Call,2026-02-17,0.005479452054794521,760.0,0.01,0.0,0.01,0.398443515625,2.0,2,SPY,681.75
SPY260218C00780000,Call,2026-02-17,0.005479452054794521,780.0,0.01,0.0,0.01,0.48438015625,,5,SPY,681.75
SPY260218C00790000,Call,2026-02-17,0.005479452054794521,790.0,0.01,0.0,0.01,0.500005,12.0,12,SPY,681.75
SPY260218C00795000,Call,2026-02-17,0.005479452054794521,795.0,0.01,0.0,0.01,0.51562984375,64.0,64,SPY,681.75
SPY260218C00855000,Call,2026-02-17,0.005479452054794521,855.0,0.01,0.0,0.01,0.7500025,,850,SPY,681.75
SPY260218P00500000,Put,2026-02-17,0.005479452054794521,500.0,0.01,0.0,0.01,1.000005,1.0,72,SPY,681.75
SPY260218P00530000,Put,2026-02-17,0.005479452054794521,530.0,0.02,0.01,0.02,0.9062509375,4.0,13,SPY,681.75
SPY260218P00535000,Put,2026-02-17,0.005479452054794521,535.0,0.01,0.01,0.02,0.87500125,3.0,157,SPY,681.75
SPY260218P00540000,Put,2026-02-17,0.005479452054794521,540.0,0.01,0.01,0.02,0.8437515624999999,85.0,21,SPY,681.75
SPY260218P00550000,Put,2026-02-17,0.005479452054794521,550.0,0.02,0.01,0.02,0.7812521875,25.0,136,SPY,681.75
SPY260218P00555000,Put,2026-02-17,0.005479452054794521,555.0,0.03,0.01,0.02,0.7500025,1.0,225,SPY,681.75
SPY260218P00560000,Put,2026-02-17,0.005479452054794521,560.0,0.02,0.02,0.03,0.7539087109375,133.0,162,SPY,681.75
SPY260218P00565000,Put,2026-02-17,0.005479452054794521,565.0,0.02,0.02,0.03,0.7226590234375,13.0,147,SPY,681.75
SPY260218P00570000,Put,2026-02-17,0.005479452054794521,570.0,0.02,0.02,0.03,0.6914093359375001,12.0,134,SPY,681.75
SPY260218P00575000,Put,2026-02-17,0.005479452054794521,575.0,0.04,0.03,0.04,0.6835969140625001,33.0,130,SPY,681.75
SPY260218P00580000,Put,2026-02-17,0.005479452054794521,580.0,0.04,0.03,0.04,0.6523472265625001,25.0,17,SPY,681.75
SPY260218P00585000,Put,2026-02-17,0.005479452054794521,585.0,0.05,0.03,0.04,0.6210975390625001,183.0,373,SPY,681.75
SPY260218P00590000,Put,2026-02-17,0.005479452054794521,590.0,0.05,0.04,0.05,0.6054726953125001,32.0,218,SPY,681.75
SPY260218P00595000,Put,2026-02-17,0.005479452054794521,595.0,0.06,0.04,0.05,0.5722699023437501,49.0,151,SPY,681.75
SPY260218P00600000,Put,2026-02-17,0.005479452054794521,600.0,0.04,0.05,0.06,0.55273884765625,76.0,869,SPY,681.75
SPY260218P00605000,Put,2026-02-17,0.005479452054794521,605.0,0.05,0.05,0.06,0.5195360546875,272.0,341,SPY,681.75
SPY260218P00610000,Put,2026-02-17,0.005479452054794521,610.0,0.06,0.05,0.06,0.49219257812500006,510.0,531,SPY,681.75
SPY260218P00615000,Put,2026-02-17,0.005479452054794521,615.0,0.08,0.06,0.07,0.4687553125,316.0,1943,SPY,681.75
SPY260218P00620000,Put,2026-02-17,0.005479452054794521,620.0,0.07,0.07,0.08,0.44336494140625,82.0,463,SPY,681.75
SPY260218P00625000,Put,2026-02-17,0.005479452054794521,625.0,0.08,0.08,0.09,0.41699801757812494,289.0,748,SPY,681.75
SPY260218P00630000,Put,2026-02-17,0.005479452054794521,630.0,0.1,0.09,0.1,0.38867798828125,843.0,816,SPY,681.75
SPY260218P00635000,Put,2026-02-17,0.005479452054794521,635.0,0.11,0.11,0.12,0.3632876171875,413.0,654,SPY,681.75
SPY260218P00640000,Put,2026-02-17,0.005479452054794521,640.0,0.14,0.14,0.15,0.3398503515625,1396.0,1823,SPY,681.75
SPY260218P00645000,Put,2026-02-17,0.005479452054794521,645.0,0.18,0.18,0.19,0.3154365332031249,18009.0,1206,SPY,681.75
SPY260218P00650000,Put,2026-02-17,0.005479452054794521,650.0,0.24,0.24,0.25,0.2919992675781249,16995.0,5644,SPY,681.75
SPY260218P00655000,Put,2026-02-17,0.005479452054794521,655.0,0.37,0.36,0.37,0.2732006274414062,3017.0,3714,SPY,681.75
SPY260218P00660000,Put,2026-02-17,0.005479452054794521,660.0,0.58,0.57,0.59,0.25757578369140627,2843.0,1208,SPY,681.75
SPY260218P00661000,Put,2026-02-17,0.005479452054794521,661.0,0.67,0.63,0.65,0.2546461254882813,1418.0,600,SPY,681.75
SPY260218P00662000,Put,2026-02-17,0.005479452054794521,662.0,0.77,0.7,0.72,0.25220474365234374,1424.0,599,SPY,681.75
SPY260218P00663000,Put,2026-02-17,0.005479452054794521,663.0,0.77,0.77,0.79,0.24890887817382812,2152.0,1122,SPY,681.75
SPY260218P00664000,Put,2026-02-17,0.005479452054794521,664.0,0.87,0.85,0.87,0.24585715087890625,1648.0,1609,SPY,681.75
SPY260218P00665000,Put,2026-02-17,0.005479452054794521,665.0,0.94,0.94,0.96,0.24292749267578123,13590.0,2318,SPY,681.75
SPY260218P00666000,Put,2026-02-17,0.005479452054794521,666.0,1.1,1.04,1.06,0.2401199035644531,13844.0,21451,SPY,681.75
SPY260218P00667000,Put,2026-02-17,0.005479452054794521,667.0,1.16,1.14,1.17,0.23731231445312498,1276.0,1228,SPY,681.75
SPY260218P00668000,Put,2026-02-17,0.005479452054794521,668.0,1.3,1.26,1.28,0.23365024169921872,2137.0,810,SPY,681.75
SPY260218P00669000,Put,2026-02-17,0.005479452054794521,669.0,1.5,1.39,1.41,0.23059851440429688,7067.0,631,SPY,681.75
SPY260218P00670000,Put,2026-02-17,0.005479452054794521,670.0,1.55,1.53,1.55,0.22730264892578123,4896.0,1624,SPY,681.75
SPY260218P00671000,Put,2026-02-17,0.005479452054794521,671.0,1.71,1.68,1.71,0.22449505981445309,1677.0,1812,SPY,681.75
SPY260218P00672000,Put,2026-02-17,0.005479452054794521,672.0,1.88,1.85,1.88,0.2211991943359375,4153.0,699,SPY,681.75
SPY260218P00673000,Put,2026-02-17,0.005479452054794521,673.0,2.06,2.03,2.06,0.2176591906738281,1892.0,1106,SPY,681.75
SPY260218P00674000,Put,2026-02-17,0.005479452054794521,674.0,2.28,2.23,2.26,0.21411918701171873,4160.0,1330,SPY,681.75
SPY260218P00675000,Put,2026-02-17,0.005479452054794521,675.0,2.5,2.45,2.48,0.21070125244140625,3960.0,1971,SPY,681.75
SPY260218P00676000,Put,2026-02-17,0.005479452054794521,676.0,2.81,2.69,2.72,0.20716124877929684,9223.0,844,SPY,681.75
SPY260218P00677000,Put,2026-02-17,0.005479452054794521,677.0,2.96,2.95,2.98,0.2034991760253906,3119.0,734,SPY,681.75
SPY260218P00678000,Put,2026-02-17,0.005479452054794521,678.0,3.25,3.23,3.26,0.19965399963378905,4703.0,1161,SPY,681.75
SPY260218P00679000,Put,2026-02-17,0.005479452054794521,679.0,3.55,3.54,3.57,0.1959308923339844,4751.0,2157,SPY,681.75
SPY260218P00680000,Put,2026-02-17,0.005479452054794521,680.0,3.9,3.87,3.9,0.19184157775878907,9996.0,1246,SPY,681.75
SPY260218P00681000,Put,2026-02-17,0.005479452054794521,681.0,4.25,4.22,4.25,0.18726398681640627,6872.0,2616,SPY,681.75
SPY260218P00682000,Put,2026-02-17,0.005479452054794521,682.0,4.65,4.6,4.64,0.18305260314941402,5309.0,1434,SPY,681.75
SPY260218P00683000,Put,2026-02-17,0.005479452054794521,683.0,5.1,5.01,5.05,0.17816983947753906,3602.0,1017,SPY,681.75
SPY260218P00684000,Put,2026-02-17,0.005479452054794521,684.0,5.73,5.35,5.57,0.17627776855468752,3362.0,1136,SPY,681.75
SPY260218P00685000,Put,2026-02-17,0.005479452054794521,685.0,6.0,5.78,6.05,0.1710287976074219,5734.0,1416,SPY,681.75
SPY260218P00686000,Put,2026-02-17,0.005479452054794521,686.0,6.83,6.24,6.68,0.17054052124023442,2105.0,983,SPY,681.75
SPY260218P00687000,Put,2026-02-17,0.005479452054794521,687.0,7.39,6.82,7.35,0.17029638305664066,527.0,856,SPY,681.75
SPY260218P00688000,Put,2026-02-17,0.005479452054794521,688.0,8.02,7.43,7.97,0.16602396484375004,892.0,1104,SPY,681.75
SPY260218P00689000,Put,2026-02-17,0.005479452054794521,689.0,8.12,8.11,8.64,0.16205671936035154,235.0,576,SPY,681.75
SPY260218P00690000,Put,2026-02-17,0.005479452054794521,690.0,9.3,8.79,9.27,0.15332877929687502,2721.0,4157,SPY,681.75
SPY260218P00691000,Put,2026-02-17,0.005479452054794521,691.0,10.7,9.56,10.13,0.1557701611328125,101.0,517,SPY,681.75
SPY260218P00692000,Put,2026-02-17,0.005479452054794521,692.0,10.95,10.35,10.91,0.1511315356445313,113.0,982,SPY,681.75
SPY260218P00693000,Put,2026-02-17,0.005479452054794521,693.0,12.01,11.24,11.82,0.15406119384765626,193.0,947,SPY,681.75
SPY260218P00694000,Put,2026-02-17,0.005479452054794521,694.0,12.93,12.14,12.65,0.148446015625,175.0,694,SPY,681.75
SPY260218P00695000,Put,2026-02-17,0.005479452054794521,695.0,13.49,13.06,13.58,0.14991084472656252,138.0,601,SPY,681.75
SPY260218P00696000,Put,2026-02-17,0.005479452054794521,696.0,15.46,13.78,14.99,0.19617503051757812,99.0,1127,SPY,681.75
SPY260218P00697000,Put,2026-02-17,0.005479452054794521,697.0,13.4,13.89,16.58,0.24793232543945312,6.0,30,SPY,681.75
SPY260218P00698000,Put,2026-02-17,0.005479452054794521,698.0,12.2,14.89,17.58,0.25830819824218754,2.0,6,SPY,681.75
SPY260218P00699000,Put,2026-02-17,0.005479452054794521,699.0,17.6,15.89,18.58,0.26843993286132806,505.0,20,SPY,681.75
SPY260218P00700000,Put,2026-02-17,0.005479452054794521,700.0,18.99,18.03,18.39,0.161141201171875,25.0,7,SPY,681.75
SPY260218P00701000,Put,2026-02-17,0.005479452054794521,701.0,20.5,17.89,20.58,0.2885813330078124,1.0,12,SPY,681.75
SPY260218P00702000,Put,2026-02-17,0.005479452054794521,702.0,16.32,18.89,21.58,0.29834686035156244,1.0,1,SPY,681.75
SPY260218P00703000,Put,2026-02-17,0.005479452054794521,703.0,20.74,19.89,22.61,0.3103096313476562,634.0,0,SPY,681.75
SPY260218P00704000,Put,2026-02-17,0.005479452054794521,704.0,12.86,20.89,23.61,0.3200751586914062,4.0,0,SPY,681.75
SPY260218P00705000,Put,2026-02-17,0.005479452054794521,705.0,19.85,21.89,24.61,0.32959654785156245,30.0,0,SPY,681.75
SPY260218P00706000,Put,2026-02-17,0.005479452054794521,706.0,20.0,22.89,25.61,0.3391179370117187,10.0,0,SPY,681.75
SPY260218P00707000,Put,2026-02-17,0.005479452054794521,707.0,13.0,23.89,26.61,0.348639326171875,6.0,0,SPY,681.75
SPY260218P00708000,Put,2026-02-17,0.005479452054794521,708.0,25.19,24.89,27.61,0.3579165771484375,8.0,0,SPY,681.75
SPY260218P00709000,Put,2026-02-17,0.005479452054794521,709.0,26.43,25.89,28.61,0.367193828125,8.0,0,SPY,681.75
SPY260218P00710000,Put,2026-02-17,0.005479452054794521,710.0,24.73,26.89,29.61,0.3764710791015625,8.0,0,SPY,681.75
SPY260218P00717000,Put,2026-02-17,0.005479452054794521,717.0,24.0,33.89,36.61,0.4390925231933594,,0,SPY,681.75
SPY260218P00730000,Put,2026-02-17,0.005479452054794521,730.0,36.3,46.89,49.61,0.5488326367187502,2.0,0,SPY,681.75
SPY260219C00645000,Call,2026-02-18,0.00821917808219178,645.0,40.0,35.94,38.73,0.459966337890625,3.0,3,SPY,681.75
SPY260219C00655000,Call,2026-02-18,0.00821917808219178,655.0,27.21,27.38,27.93,0.3133613586425781,11.0,15,SPY,681.75
SPY260219C00660000,Call,2026-02-18,0.00821917808219178,660.0,22.68,22.69,23.22,0.28882547119140617,2.0,12,SPY,681.75
SPY260219C00665000,Call,2026-02-18,0.00821917808219178,665.0,21.89,18.3,18.72,0.26929441650390623,2.0,23,SPY,681.75
SPY260219C00666000,Call,2026-02-18,0.00821917808219178,666.0,17.92,17.41,17.84,0.2652661364746094,4.0,3,SPY,681.75
SPY260219C00667000,Call,2026-02-18,0.00821917808219178,667.0,18.25,16.56,16.98,0.2618482019042969,6.0,7,SPY,681.75
SPY260219C00669000,Call,2026-02-18,0.00821917808219178,669.0,15.08,14.95,15.23,0.25202164001464844,3.0,4,SPY,681.75
SPY260219C00670000,Call,2026-02-18,0.00821917808219178,670.0,16.01,14.12,14.4,0.24848163635253906,2.0,11,SPY,681.75
SPY260219C00671000,Call,2026-02-18,0.00821917808219178,671.0,16.61,13.3,13.58,0.24488059814453128,1.0,28,SPY,681.75
SPY260219C00672000,Call,2026-02-18,0.00821917808219178,672.0,12.25,12.48,12.78,0.24146266357421875,32.0,14,SPY,681.75
SPY260219C00675000,Call,2026-02-18,0.00821917808219178,675.0,10.25,10.17,10.43,0.22962196166992188,806.0,52,SPY,681.75
SPY260219C00676000,Call,2026-02-18,0.00821917808219178,676.0,9.31,9.43,9.69,0.22602092346191405,843.0,24,SPY,681.75
SPY260219C00677000,Call,2026-02-18,0.00821917808219178,677.0,8.76,8.8,8.87,0.21875781249999998,582.0,202,SPY,681.75
SPY260219C00678000,Call,2026-02-18,0.00821917808219178,678.0,7.9,8.09,8.17,0.21527884338378905,583.0,349,SPY,681.75
SPY260219C00679000,Call,2026-02-18,0.00821917808219178,679.0,7.35,7.4,7.47,0.21094539062499998,871.0,520,SPY,681.75
SPY260219C00680000,Call,2026-02-18,0.00821917808219178,680.0,6.65,6.74,6.82,0.20758849060058593,2048.0,693,SPY,681.75
SPY260219C00681000,Call,2026-02-18,0.00821917808219178,681.0,5.95,6.1,6.13,0.20197331237792968,2820.0,375,SPY,681.75
SPY260219C00682000,Call,2026-02-18,0.00821917808219178,682.0,5.43,5.49,5.52,0.19818917053222657,3313.0,553,SPY,681.75
SPY260219C00683000,Call,2026-02-18,0.00821917808219178,683.0,4.84,4.89,4.92,0.19379468322753907,2712.0,928,SPY,681.75
SPY260219C00684000,Call,2026-02-18,0.00821917808219178,684.0,4.08,4.31,4.35,0.18933916137695314,3069.0,446,SPY,681.75
SPY260219C00685000,Call,2026-02-18,0.00821917808219178,685.0,3.66,3.77,3.8,0.18451743225097655,3860.0,1027,SPY,681.75
SPY260219C00686000,Call,2026-02-18,0.00821917808219178,686.0,3.24,3.26,3.29,0.1798788067626953,6684.0,1031,SPY,681.75
SPY260219C00687000,Call,2026-02-18,0.00821917808219178,687.0,2.68,2.78,2.81,0.17505707763671874,2382.0,801,SPY,681.75
SPY260219C00688000,Call,2026-02-18,0.00821917808219178,688.0,2.34,2.33,2.36,0.16986914123535157,4004.0,755,SPY,681.75
SPY260219C00689000,Call,2026-02-18,0.00821917808219178,689.0,1.95,1.93,1.95,0.16468120483398438,2653.0,499,SPY,681.75
SPY260219C00690000,Call,2026-02-18,0.00821917808219178,690.0,1.57,1.56,1.59,0.15992051025390625,3900.0,1018,SPY,681.75
SPY260219C00691000,Call,2026-02-18,0.00821917808219178,691.0,1.25,1.24,1.26,0.15454947021484378,1791.0,951,SPY,681.75
SPY260219C00692000,Call,2026-02-18,0.00821917808219178,692.0,0.97,0.96,0.98,0.14966670654296876,1474.0,1448,SPY,681.75
SPY260219C00693000,Call,2026-02-18,0.00821917808219178,693.0,0.75,0.73,0.74,0.1445398046875,1499.0,1222,SPY,681.75
SPY260219C00694000,Call,2026-02-18,0.00821917808219178,694.0,0.53,0.54,0.55,0.1401453173828125,1790.0,1282,SPY,681.75
SPY260219C00695000,Call,2026-02-18,0.00821917808219178,695.0,0.38,0.39,0.4,0.13599496826171875,4385.0,1149,SPY,681.75
SPY260219C00696000,Call,2026-02-18,0.00821917808219178,696.0,0.28,0.27,0.28,0.131844619140625,2244.0,1266,SPY,681.75
SPY260219C00697000,Call,2026-02-18,0.00821917808219178,697.0,0.19,0.18,0.19,0.127938408203125,3000.0,820,SPY,681.75
SPY260219C00698000,Call,2026-02-18,0.00821917808219178,698.0,0.12,0.12,0.13,0.12525288818359376,3673.0,1847,SPY,681.75
SPY260219C00699000,Call,2026-02-18,0.00821917808219178,699.0,0.08,0.08,0.09,0.1235439208984375,5891.0,509,SPY,681.75
SPY260219C00700000,Call,2026-02-18,0.00821917808219178,700.0,0.06,0.05,0.06,0.1211025390625,5092.0,2690,SPY,681.75
SPY260219C00701000,Call,2026-02-18,0.00821917808219178,701.0,0.03,0.03,0.04,0.12012598632812499,1871.0,763,SPY,681.75
SPY260219C00702000,Call,2026-02-18,0.00821917808219178,702.0,0.03,0.02,0.03,0.12012598632812499,1348.0,1527,SPY,681.75
SPY260219C00703000,Call,2026-02-18,0.00821917808219178,703.0,0.02,0.01,0.02,0.11914943359374999,1354.0,3266,SPY,681.75
SPY260219C00704000,Call,2026-02-18,0.00821917808219178,704.0,0.02,0.01,0.02,0.12500875,267.0,2083,SPY,681.75
SPY260219C00705000,Call,2026-02-18,0.00821917808219178,705.0,0.02,0.01,0.02,0.1289149609375,391.0,1222,SPY,681.75
SPY260219C00706000,Call,2026-02-18,0.00821917808219178,706.0,0.02,0.01,0.02,0.133797724609375,75.0,621,SPY,681.75
SPY260219C00707000,Call,2026-02-18,0.00821917808219178,707.0,0.01,0.01,0.02,0.13868048828125001,285.0,609,SPY,681.75
SPY260219C00708000,Call,2026-02-18,0.00821917808219178,708.0,0.01,0.01,0.02,0.143563251953125,19.0,1579,SPY,681.75
SPY260219C00709000,Call,2026-02-18,0.00821917808219178,709.0,0.01,0.01,0.02,0.148446015625,486.0,744,SPY,681.75
SPY260219C00710000,Call,2026-02-18,0.00821917808219178,710.0,0.02,0.01,0.02,0.15235222656250003,11.0,2992,SPY,681.75
SPY260219C00711000,Call,2026-02-18,0.00821917808219178,711.0,0.02,0.01,0.02,0.15821154296875,44.0,880,SPY,681.75
SPY260219C00712000,Call,2026-02-18,0.00821917808219178,712.0,0.01,0.01,0.02,0.16211775390625,114.0,2081,SPY,681.75
SPY260219C00713000,Call,2026-02-18,0.00821917808219178,713.0,0.01,0.01,0.02,0.16700051757812504,3.0,398,SPY,681.75
SPY260219C00714000,Call,2026-02-18,0.00821917808219178,714.0,0.01,0.01,0.02,0.17188328125000002,1.0,37,SPY,681.75
SPY260219C00715000,Call,2026-02-18,0.00821917808219178,715.0,0.01,0.01,0.02,0.1757894921875,381.0,2897,SPY,681.75
SPY260219C00720000,Call,2026-02-18,0.00821917808219178,720.0,0.01,0.01,0.02,0.1992267578125,11.0,654,SPY,681.75
SPY260219C00725000,Call,2026-02-18,0.00821917808219178,725.0,0.01,0.0,0.01,0.20703917968749996,3.0,198,SPY,681.75
SPY260219C00730000,Call,2026-02-18,0.00821917808219178,730.0,0.01,0.0,0.01,0.22657023437499998,2.0,72,SPY,681.75
SPY260219C00735000,Call,2026-02-18,0.00821917808219178,735.0,0.01,0.0,0.01,0.2500075,1.0,88,SPY,681.75
SPY260219C00740000,Call,2026-02-18,0.00821917808219178,740.0,0.01,0.0,0.01,0.26563234375,127.0,127,SPY,681.75
SPY260219C00750000,Call,2026-02-18,0.00821917808219178,750.0,0.01,0.0,0.01,0.3086006640625,25.0,20,SPY,681.75
SPY260219C00755000,Call,2026-02-18,0.00821917808219178,755.0,0.01,0.0,0.01,0.32813171874999997,5.0,5,SPY,681.75
SPY260219C00760000,Call,2026-02-18,0.00821917808219178,760.0,0.01,0.0,0.01,0.3437565625,1.0,1,SPY,681.75
SPY260219C00790000,Call,2026-02-18,0.00821917808219178,790.0,0.02,0.0,0.01,0.45313046875,51.0,50,SPY,681.75
SPY260219C00800000,Call,2026-02-18,0.00821917808219178,800.0,0.01,0.0,0.01,0.49219257812500006,,8,SPY,681.75
SPY260219C00805000,Call,2026-02-18,0.00821917808219178,805.0,0.02,0.0,0.01,0.507817421875,2.0,4,SPY,681.75
SPY260219C00870000,Call,2026-02-18,0.00821917808219178,870.0,0.01,0.0,0.01,0.6875031250000001,83.0,83,SPY,681.75
SPY260219C00875000,Call,2026-02-18,0.00821917808219178,875.0,0.01,0.0,0.01,0.70312796875,66.0,7,SPY,681.75
SPY260219P00500000,Put,2026-02-18,0.00821917808219178,500.0,0.01,0.01,0.02,0.9531254687499999,75.0,20,SPY,681.75
SPY260219P00505000,Put,2026-02-18,0.00821917808219178,505.0,0.02,0.01,0.02,0.92187578125,20.0,10,SPY,681.75
SPY260219P00515000,Put,2026-02-18,0.00821917808219178,515.0,0.02,0.01,0.02,0.867188828125,192.0,220,SPY,681.75
SPY260219P00525000,Put,2026-02-18,0.00821917808219178,525.0,0.02,0.02,0.03,0.851563984375,30.0,100,SPY,681.75
SPY260219P00530000,Put,2026-02-18,0.00821917808219178,530.0,0.03,0.02,0.03,0.8203142968749999,2.0,12,SPY,681.75
SPY260219P00535000,Put,2026-02-18,0.00821917808219178,535.0,0.03,0.02,0.03,0.7929708203125,100.0,203,SPY,681.75
SPY260219P00540000,Put,2026-02-18,0.00821917808219178,540.0,0.03,0.02,0.03,0.7656273437500001,323.0,259,SPY,681.75
SPY260219P00545000,Put,2026-02-18,0.00821917808219178,545.0,0.02,0.03,0.04,0.7578149218750001,192.0,192,SPY,681.75
SPY260219P00550000,Put,2026-02-18,0.00821917808219178,550.0,0.05,0.03,0.04,0.7304714453125,35.0,105,SPY,681.75
SPY260219P00555000,Put,2026-02-18,0.00821917808219178,555.0,0.03,0.03,0.04,0.70312796875,56.0,52,SPY,681.75
SPY260219P00560000,Put,2026-02-18,0.00821917808219178,560.0,0.03,0.04,0.05,0.6914093359375001,,55,SPY,681.75
SPY260219P00565000,Put,2026-02-18,0.00821917808219178,565.0,0.06,0.04,0.05,0.6640658593750002,9.0,146,SPY,681.75
SPY260219P00570000,Put,2026-02-18,0.00821917808219178,570.0,0.07,0.05,0.06,0.648441015625,302.0,81,SPY,681.75
SPY260219P00575000,Put,2026-02-18,0.00821917808219178,575.0,0.05,0.05,0.06,0.6191444335937502,55.0,76,SPY,681.75
SPY260219P00580000,Put,2026-02-18,0.00821917808219178,580.0,0.09,0.06,0.07,0.6015664843750002,4.0,547,SPY,681.75
SPY260219P00585000,Put,2026-02-18,0.00821917808219178,585.0,0.1,0.06,0.07,0.5742230078125,77.0,368,SPY,681.75
SPY260219P00590000,Put,2026-02-18,0.00821917808219178,590.0,0.12,0.06,0.07,0.5449264257812501,90.0,356,SPY,681.75
SPY260219P00595000,Put,2026-02-18,0.00821917808219178,595.0,0.1,0.07,0.08,0.52539537109375,216.0,130,SPY,681.75
SPY260219P00600000,Put,2026-02-18,0.00821917808219178,600.0,0.11,0.07,0.08,0.500005,101.0,400,SPY,681.75
SPY260219P00605000,Put,2026-02-18,0.00821917808219178,605.0,0.1,0.08,0.09,0.477544287109375,180.0,617,SPY,681.75
SPY260219P00610000,Put,2026-02-18,0.00821917808219178,610.0,0.08,0.09,0.1,0.454107021484375,51.0,162,SPY,681.75
SPY260219P00615000,Put,2026-02-18,0.00821917808219178,615.0,0.16,0.1,0.11,0.42969320312500003,119.0,465,SPY,681.75
SPY260219P00620000,Put,2026-02-18,0.00821917808219178,620.0,0.1,0.11,0.12,0.405279384765625,356.0,884,SPY,681.75
SPY260219P00625000,Put,2026-02-18,0.00821917808219178,625.0,0.12,0.13,0.14,0.38281867187499996,635.0,950,SPY,681.75
SPY260219P00630000,Put,2026-02-18,0.00821917808219178,630.0,0.15,0.15,0.16,0.35938140625,857.0,1752,SPY,681.75
SPY260219P00635000,Put,2026-02-18,0.00821917808219178,635.0,0.17,0.19,0.2,0.3398503515625,1349.0,617,SPY,681.75
SPY260219P00640000,Put,2026-02-18,0.00821917808219178,640.0,0.25,0.24,0.25,0.3193427441406249,3343.0,2929,SPY,681.75
SPY260219P00645000,Put,2026-02-18,0.00821917808219178,645.0,0.33,0.32,0.33,0.3007882421875,3422.0,4527,SPY,681.75
SPY260219P00650000,Put,2026-02-18,0.00821917808219178,650.0,0.47,0.45,0.47,0.2858958129882812,5832.0,2073,SPY,681.75
SPY260219P00655000,Put,2026-02-18,0.00821917808219178,655.0,0.67,0.66,0.68,0.2711254528808594,4720.0,51869,SPY,681.75
SPY260219P00660000,Put,2026-02-18,0.00821917808219178,660.0,1.05,0.99,1.01,0.25757578369140627,3379.0,3692,SPY,681.75
SPY260219P00661000,Put,2026-02-18,0.00821917808219178,661.0,1.11,1.08,1.1,0.2553785400390626,1166.0,477,SPY,681.75
SPY260219P00662000,Put,2026-02-18,0.00821917808219178,662.0,1.24,1.17,1.19,0.2525709509277344,754.0,469,SPY,681.75
SPY260219P00663000,Put,2026-02-18,0.00821917808219178,663.0,1.37,1.27,1.29,0.24988543090820312,1100.0,664,SPY,681.75
SPY260219P00664000,Put,2026-02-18,0.00821917808219178,664.0,1.41,1.37,1.39,0.2467116345214844,1049.0,337,SPY,681.75
SPY260219P00665000,Put,2026-02-18,0.00821917808219178,665.0,1.52,1.49,1.51,0.2442702526855469,2236.0,3256,SPY,681.75
SPY260219P00666000,Put,2026-02-18,0.00821917808219178,666.0,1.69,1.61,1.64,0.24176783630371096,1501.0,1178,SPY,681.75
SPY260219P00667000,Put,2026-02-18,0.00821917808219178,667.0,1.77,1.75,1.77,0.2386550744628906,828.0,342,SPY,681.75
SPY260219P00668000,Put,2026-02-18,0.00821917808219178,668.0,2.0,1.89,1.91,0.2356033471679687,610.0,1007,SPY,681.75
SPY260219P00669000,Put,2026-02-18,0.00821917808219178,669.0,2.08,2.05,2.07,0.2329178271484375,441.0,997,SPY,681.75
SPY260219P00670000,Put,2026-02-18,0.00821917808219178,670.0,2.27,2.21,2.24,0.23004920349121094,1841.0,2032,SPY,681.75
SPY260219P00671000,Put,2026-02-18,0.00821917808219178,671.0,2.55,2.39,2.42,0.22699747619628902,2084.0,639,SPY,681.75
SPY260219P00672000,Put,2026-02-18,0.00821917808219178,672.0,2.6,2.58,2.61,0.22376264526367184,976.0,792,SPY,681.75
SPY260219P00673000,Put,2026-02-18,0.00821917808219178,673.0,2.84,2.79,2.82,0.22071091796874998,642.0,823,SPY,681.75
SPY260219P00674000,Put,2026-02-18,0.00821917808219178,674.0,3.09,3.02,3.05,0.21778125976562498,1106.0,730,SPY,681.75
SPY260219P00675000,Put,2026-02-18,0.00821917808219178,675.0,3.31,3.26,3.29,0.21454642883300779,3768.0,4848,SPY,681.75
SPY260219P00676000,Put,2026-02-18,0.00821917808219178,676.0,3.59,3.51,3.54,0.21094539062499998,3315.0,632,SPY,681.75
SPY260219P00677000,Put,2026-02-18,0.00821917808219178,677.0,4.08,3.79,3.82,0.20771055969238278,1637.0,499,SPY,681.75
SPY260219P00678000,Put,2026-02-18,0.00821917808219178,678.0,4.12,4.08,4.12,0.20441469421386715,1371.0,938,SPY,681.75
SPY260219P00679000,Put,2026-02-18,0.00821917808219178,679.0,4.44,4.4,4.43,0.20063055236816402,1474.0,869,SPY,681.75
SPY260219P00680000,Put,2026-02-18,0.00821917808219178,680.0,4.8,4.74,4.77,0.19702951416015624,6112.0,3884,SPY,681.75
SPY260219P00681000,Put,2026-02-18,0.00821917808219178,681.0,5.3,5.09,5.13,0.1931843377685547,2933.0,468,SPY,681.75
SPY260219P00682000,Put,2026-02-18,0.00821917808219178,682.0,5.55,5.47,5.51,0.18909502319335939,2069.0,780,SPY,681.75
SPY260219P00683000,Put,2026-02-18,0.00821917808219178,683.0,5.88,5.88,5.91,0.1846395013427734,1487.0,773,SPY,681.75
SPY260219P00684000,Put,2026-02-18,0.00821917808219178,684.0,6.53,6.2,6.44,0.18372398315429686,1851.0,502,SPY,681.75
SPY260219P00685000,Put,2026-02-18,0.00821917808219178,685.0,7.08,6.6,6.9,0.1790853576660156,3088.0,876,SPY,681.75
SPY260219P00686000,Put,2026-02-18,0.00821917808219178,686.0,7.22,7.09,7.38,0.1739584558105469,824.0,409,SPY,681.75
SPY260219P00687000,Put,2026-02-18,0.00821917808219178,687.0,8.16,7.6,8.07,0.17542328491210937,188.0,378,SPY,681.75
SPY260219P00688000,Put,2026-02-18,0.00821917808219178,688.0,8.55,8.13,8.71,0.17389742126464847,170.0,373,SPY,681.75
SPY260219P00689000,Put,2026-02-18,0.00821917808219178,689.0,9.44,8.68,9.32,0.16980810668945315,111.0,615,SPY,681.75
SPY260219P00690000,Put,2026-02-18,0.00821917808219178,690.0,9.6,9.33,9.79,0.1577232666015625,147.0,518,SPY,681.75
SPY260219P00691000,Put,2026-02-18,0.00821917808219178,691.0,11.28,10.0,10.66,0.16187361572265624,43.0,324,SPY,681.75
SPY260219P00692000,Put,2026-02-18,0.00821917808219178,692.0,11.43,10.78,11.4,0.15869981933593752,63.0,716,SPY,681.75
SPY260219P00693000,Put,2026-02-18,0.00821917808219178,693.0,12.92,11.52,12.19,0.15650257568359377,51.0,723,SPY,681.75
SPY260219P00694000,Put,2026-02-18,0.00821917808219178,694.0,13.89,12.36,13.01,0.1544274011230469,110.0,981,SPY,681.75
SPY260219P00695000,Put,2026-02-18,0.00821917808219178,695.0,14.77,13.22,13.81,0.1489342919921875,279.0,303,SPY,681.75
SPY260219P00696000,Put,2026-02-18,0.00821917808219178,696.0,14.46,14.11,14.66,0.1445398046875,26.0,212,SPY,681.75
SPY260219P00697000,Put,2026-02-18,0.00821917808219178,697.0,15.15,15.05,15.64,0.15015498291015628,32.0,147,SPY,681.75
SPY260219P00698000,Put,2026-02-18,0.00821917808219178,698.0,14.63,14.89,17.58,0.22364057617187497,18.0,37,SPY,681.75
SPY260219P00699000,Put,2026-02-18,0.00821917808219178,699.0,18.0,15.89,18.58,0.23255161987304687,150.0,27,SPY,681.75
SPY260219P00700000,Put,2026-02-18,0.00821917808219178,700.0,19.5,16.89,19.58,0.241218525390625,10.0,4,SPY,681.75
SPY260219P00701000,Put,2026-02-18,0.00821917808219178,701.0,15.87,17.89,20.58,0.24988543090820312,19.0,0,SPY,681.75
SPY260219P00702000,Put,2026-02-18,0.00821917808219178,702.0,17.15,18.89,21.58,0.25843026733398444,19.0,0,SPY,681.75
SPY260219P00703000,Put,2026-02-18,0.00821917808219178,703.0,14.9,19.89,22.61,0.2688061401367187,15.0,0,SPY,681.75
SPY260219P00704000,Put,2026-02-18,0.00821917808219178,704.0,18.67,20.89,23.61,0.2771068383789062,14.0,0,SPY,681.75
SPY260219P00705000,Put,2026-02-18,0.00821917808219178,705.0,24.33,21.89,24.61,0.28552960571289054,17.0,0,SPY,681.75
SPY260219P00706000,Put,2026-02-18,0.00821917808219178,706.0,12.05,22.89,25.6,0.2930978894042968,6.0,0,SPY,681.75
SPY260219P00707000,Put,2026-02-18,0.00821917808219178,707.0,13.0,23.89,26.61,0.30188686401367193,,0,SPY,681.75
SPY260219P00708000,Put,2026-02-18,0.00821917808219178,708.0,15.37,24.89,27.61,0.3100654931640625,29.0,1,SPY,681.75
SPY260219P00710000,Put,2026-02-18,0.00821917808219178,710.0,17.0,26.89,29.61,0.32605654418945307,24.0,0,SPY,681.75
SPY260219P00715000,Put,2026-02-18,0.00821917808219178,715.0,22.03,31.89,34.61,0.36499658447265626,1.0,0,SPY,681.75
SPY260219P00720000,Put,2026-02-18,0.00821917808219178,720.0,30.1,36.89,39.61,0.4028380029296875,2.0,0,SPY,681.75
SPY260219P00730000,Put,2026-02-18,0.00821917808219178,730.0,45.0,46.89,49.61,0.47522497436523436,3.0,0,SPY,681.75
