Ticker,Expiry,Strike,Market_Call_Bid,Market_Call_Ask,Market_Call_Mid,Market_Put_Bid,Market_Put_Ask,Market_Put_Mid,Parity_Call,Parity_Put,Parity_Error
TSLA,2026-02-17,322.5,94.25,96.0,95.125,0.06,0.08,0.07,95.07431931479795,0.12068068520204633,0.050680685202053155
TSLA,2026-02-17,325.0,90.8,94.45,92.625,0.07,0.09,0.08,92.58481789521187,0.12018210478811397,0.04018210478811568
TSLA,2026-02-17,330.0,85.85,89.4,87.625,0.08,0.1,0.09,87.59581505603961,0.11918494396036294,0.029184943960359533
TSLA,2026-02-17,332.5,83.3,87.0,85.15,0.09,0.1,0.095,85.10131363645354,0.1436863635464647,0.04868636354649425
TSLA,2026-02-17,337.5,78.3,81.85,80.07499999999999,0.11,0.12,0.11499999999999999,80.12231079728133,0.06768920271866818,-0.0473107972813267
TSLA,2026-02-17,342.5,74.3,76.05,75.175,0.13,0.15,0.14,75.14830795810906,0.1666920418909399,0.02669204189092511
TSLA,2026-02-17,350.0,66.1,68.4,67.25,0.17,0.18,0.175,67.68480369935077,-0.25980369935075487,-0.434803699350752
TSLA,2026-02-17,355.0,61.0,64.5,62.75,0.2,0.21,0.20500000000000002,62.71580086017855,0.23919913982143726,0.03419913982143896
TSLA,2026-02-17,357.5,58.7,61.15,59.925,0.22,0.23,0.225,60.23629944059246,-0.08629944059242689,-0.3112994405924425
TSLA,2026-02-17,360.0,56.2,59.5,57.85,0.23,0.25,0.24,57.75179802100632,0.33820197899370896,0.09820197899368566
TSLA,2026-02-17,362.5,53.6,57.0,55.3,0.25,0.26,0.255,55.267296601420185,0.2877033985798221,0.03270339857980531
TSLA,2026-02-17,365.0,51.15,54.5,52.825,0.27,0.28,0.275,52.7877951818341,0.312204818165867,0.037204818165882614
TSLA,2026-02-17,367.5,48.75,51.95,50.35,0.29,0.3,0.295,50.30829376224801,0.3367062377520256,0.04170623775200255
TSLA,2026-02-17,370.0,46.5,49.0,47.75,0.31,0.33,0.32,47.833792342661866,0.23620765733812732,-0.08379234266187296
TSLA,2026-02-17,372.5,44.55,46.2,45.375,0.34,0.36,0.35,45.36429092307577,0.3607090769242518,0.010709076924250382
TSLA,2026-02-17,375.0,41.75,43.95,42.85,0.37,0.39,0.38,42.89478950348962,0.335210496510399,-0.04478950348962485
TSLA,2026-02-17,377.5,39.7,41.2,40.45,0.41,0.43,0.42,40.43528808390357,0.43471191609643256,0.014711916096445066
TSLA,2026-02-17,380.0,37.05,39.15,38.099999999999994,0.45,0.47,0.45999999999999996,37.97578666431741,0.5842133356825912,0.12421333568256188
TSLA,2026-02-17,382.5,34.8,36.35,35.575,0.51,0.53,0.52,35.53628524473129,0.5587147552686815,0.03871475526869261
TSLA,2026-02-17,385.0,32.5,33.7,33.1,0.57,0.6,0.585,33.10178382514516,0.5832161748548401,-0.0017838251451820497
TSLA,2026-02-17,387.5,29.95,31.5,30.725,0.66,0.68,0.67,30.68728240555913,0.7077175944409078,0.03771759444088474
TSLA,2026-02-17,390.0,27.7,28.9,28.299999999999997,0.77,0.79,0.78,28.297780985972963,0.7822190140270209,0.002219014027005528
TSLA,2026-02-17,392.5,25.35,26.55,25.950000000000003,0.9,0.92,0.91,25.92827956638689,0.9317204336131226,0.02172043361313669
TSLA,2026-02-17,395.0,23.3,24.35,23.825000000000003,1.07,1.1,1.085,23.60377814680072,1.306221853199247,0.22122185319926047
TSLA,2026-02-17,397.5,20.9,21.8,21.35,1.29,1.31,1.3,21.319276727214685,1.3307232727853489,0.030723272785326827
TSLA,2026-02-17,400.0,18.9,19.6,19.25,1.56,1.59,1.5750000000000002,19.094775307628538,1.7302246923714506,0.1552246923714513
TSLA,2026-02-17,402.5,16.85,17.35,17.1,1.91,1.94,1.9249999999999998,16.945273888042436,2.079726111957598,0.1547261119575758
TSLA,2026-02-17,405.0,14.85,15.05,14.95,2.34,2.37,2.355,14.875772468456319,2.429227531543688,0.07422753154369843
TSLA,2026-02-17,407.5,12.9,13.05,12.975000000000001,2.87,2.91,2.89,12.91127104887022,2.95372895112979,0.06372895112976806
TSLA,2026-02-17,410.0,11.05,11.2,11.125,3.5,3.6,3.55,11.07176962928412,3.6032303707158917,0.05323037071589187
TSLA,2026-02-17,412.5,9.35,9.5,9.425,4.3,4.35,4.324999999999999,9.347268209697972,4.4027317903020275,0.0777317903020176
TSLA,2026-02-17,415.0,7.8,7.9,7.85,5.2,5.3,5.25,7.772766790111859,5.327233209888163,0.07723320988814031
TSLA,2026-02-17,417.5,6.4,6.5,6.45,6.3,6.4,6.35,6.373265370525814,6.426734629474197,0.07673462947420884
TSLA,2026-02-17,420.0,5.15,5.25,5.2,7.55,7.65,7.6,5.12376395093969,7.676236049060321,0.07623604906033332
TSLA,2026-02-17,422.5,4.1,4.15,4.125,8.95,9.1,9.024999999999999,4.04926253135352,9.100737468646457,0.0757374686464587
TSLA,2026-02-17,425.0,3.2,3.25,3.225,10.55,10.7,10.625,3.1497611117674182,10.700238888232604,0.0752388882325814
TSLA,2026-02-17,427.5,2.47,2.5,2.4850000000000003,12.3,12.5,12.4,2.425259692181328,12.459740307818663,0.05974030781865025
TSLA,2026-02-17,430.0,1.87,1.9,1.885,14.2,14.4,14.3,1.8257582725952375,14.359241727404765,0.05924172740477296
TSLA,2026-02-17,432.5,1.4,1.43,1.415,15.6,17.2,16.4,1.426256853009079,16.38874314699092,-0.011256853009101064
TSLA,2026-02-17,435.0,1.04,1.06,1.05,18.0,18.85,18.425,0.9517554334229885,18.523244566577034,0.09824456657702285
TSLA,2026-02-17,437.5,0.77,0.79,0.78,20.1,21.5,20.8,0.8272540138369209,20.752745986163063,-0.04725401383690908
TSLA,2026-02-17,440.0,0.57,0.59,0.58,22.5,23.4,22.95,0.47775259425077365,23.0522474057492,0.10224740574921398
TSLA,2026-02-17,442.5,0.42,0.44,0.43,24.35,26.2,25.275,0.3032511746646378,25.401748825335346,0.1267488253353406
TSLA,2026-02-17,445.0,0.31,0.33,0.32,27.1,28.55,27.825000000000003,0.3537497550785247,27.791250244921457,-0.03374975507853861
TSLA,2026-02-17,447.5,0.23,0.25,0.24,29.3,31.05,30.175,0.20424833549247978,30.21075166450754,0.03575166450752931
TSLA,2026-02-17,450.0,0.18,0.19,0.185,31.85,33.25,32.55,0.0797469159063553,32.65525308409366,0.10525308409366119
TSLA,2026-02-17,452.5,0.13,0.15,0.14,34.25,35.75,35.0,0.030245496320219445,35.10975450367977,0.10975450367978112
TSLA,2026-02-17,455.0,0.1,0.12,0.11,36.9,38.25,37.575,0.10574407673408359,37.57925592326592,0.004255923265901629
TSLA,2026-02-17,457.5,0.08,0.09,0.08499999999999999,39.2,40.7,39.95,-0.018757342852040892,40.05375734285201,0.10375734285202753
TSLA,2026-02-17,460.0,0.06,0.07,0.065,41.9,43.2,42.55,0.0817412375619142,42.533258762438095,-0.016741237561902267
TSLA,2026-02-17,462.5,0.05,0.07,0.060000000000000005,44.2,45.75,44.975,0.007239817975801088,45.027760182024224,0.0527601820242225
TSLA,2026-02-17,465.0,0.05,0.06,0.055,46.85,48.2,47.525000000000006,0.05773839838963113,47.52226160161035,-0.002738398389659835
TSLA,2026-02-17,467.5,0.03,0.05,0.04,49.4,50.75,50.075,0.10823697880351801,50.00676302119649,-0.06823697880353308
TSLA,2026-02-17,470.0,0.03,0.04,0.035,51.7,53.2,52.45,-0.016264440782549627,52.50126444078256,0.051264440782532006
TSLA,2026-02-17,472.5,0.02,0.04,0.03,54.2,55.85,55.025000000000006,0.05923413963131452,54.995765860368635,-0.029234139631341804
TSLA,2026-02-17,475.0,0.02,0.03,0.025,56.8,58.25,57.525,0.059732720045190035,57.490267279954764,-0.03473272004521277
TSLA,2026-02-17,485.0,0.01,0.02,0.015,66.7,68.35,67.525,0.06172704170074894,67.47827295829921,-0.046727041700776795
TSLA,2026-02-17,487.5,0.0,0.02,0.01,69.2,70.85,70.025,0.06222562211462446,69.97277437788534,-0.05222562211464776
TSLA,2026-02-19,100.0,316.5,318.65,317.575,0.0,0.01,0.005,317.4848848971985,0.09511510280144364,0.0901151028014624
TSLA,2026-02-19,110.0,325.7,328.3,327.0,0.0,0.02,0.01,307.4938731427778,19.51612685722222,19.506126857222227
TSLA,2026-02-19,120.0,295.4,299.7,297.54999999999995,0.0,0.01,0.005,297.492861388357,0.062138611642950536,0.05713861164292666
TSLA,2026-02-19,130.0,285.4,289.7,287.54999999999995,0.0,0.02,0.01,287.5018496339362,0.05815036606372814,0.04815036606373724
TSLA,2026-02-19,140.0,275.45,279.7,277.575,0.0,0.02,0.01,277.50583787951547,0.07916212048451143,0.06916212048452053
TSLA,2026-02-19,150.0,265.5,269.65,267.575,0.0,0.02,0.01,267.5098261250947,0.07517387490528904,0.06517387490526971
TSLA,2026-02-19,155.0,260.45,264.7,262.575,0.0,0.02,0.01,262.5118202478843,0.07317975211569205,0.06317975211567273
TSLA,2026-02-19,160.0,255.45,259.7,257.575,0.0,0.01,0.005,257.5088143706739,0.07118562932606665,0.0661856293260712
TSLA,2026-02-19,165.0,250.45,254.75,252.6,0.0,0.02,0.01,252.51580849346354,0.09419150653644692,0.08419150653645602
TSLA,2026-02-19,170.0,245.5,249.75,247.625,0.0,0.02,0.01,247.51780261625314,0.11719738374685562,0.10719738374686472
TSLA,2026-02-19,175.0,240.5,244.65,242.575,0.0,0.02,0.01,242.51979673904276,0.06520326095721884,0.05520326095722794
TSLA,2026-02-19,180.0,235.5,239.75,237.625,0.0,0.02,0.01,237.52179086183236,0.11320913816763323,0.10320913816764232
TSLA,2026-02-19,185.0,230.55,234.75,232.65,0.0,0.02,0.01,232.52378498462198,0.1362150153780135,0.1262150153780226
TSLA,2026-02-19,190.0,225.55,229.75,227.65,0.0,0.02,0.01,227.5257791074116,0.1342208925883881,0.12422089258839719
TSLA,2026-02-19,195.0,220.55,224.75,222.65,0.0,0.02,0.01,222.5277732302012,0.1322267697987911,0.1222267697988002
TSLA,2026-02-19,200.0,216.55,218.75,217.65,0.01,0.02,0.015,217.53476735299083,0.1302326470091657,0.11523264700917935
TSLA,2026-02-19,210.0,205.5,209.75,207.625,0.01,0.02,0.015,207.53875559857005,0.10124440142993762,0.08624440142995127
TSLA,2026-02-19,220.0,195.55,199.75,197.65,0.01,0.03,0.02,197.5477438441493,0.1222561558506925,0.10225615585068226
TSLA,2026-02-19,225.0,190.55,194.7,192.625,0.0,0.03,0.015,192.5447379669389,0.09526203306108982,0.08026203306110347
TSLA,2026-02-19,230.0,185.6,189.75,187.675,0.01,0.03,0.02,187.55173208972852,0.14326791027147578,0.12326791027146555
TSLA,2026-02-19,235.0,180.5,184.75,182.625,0.0,0.03,0.015,182.54872621251812,0.09127378748186743,0.07627378748188107
TSLA,2026-02-19,240.0,175.75,179.75,177.75,0.01,0.03,0.02,177.55572033530774,0.21427966469224202,0.1942796646922318
TSLA,2026-02-19,245.0,170.55,174.75,172.65,0.02,0.03,0.025,172.56271445809736,0.1122855419026223,0.08728554190261661
TSLA,2026-02-19,250.0,165.7,168.7,167.2,0.02,0.04,0.03,167.56970858088695,-0.33970858088699174,-0.3697085808869929
TSLA,2026-02-19,255.0,160.65,164.75,162.7,0.02,0.04,0.03,162.57170270367658,0.15829729632338285,0.12829729632338172
TSLA,2026-02-19,260.0,155.85,159.75,157.8,0.02,0.04,0.03,157.57369682646618,0.2563031735338086,0.22630317353380747
TSLA,2026-02-19,265.0,150.7,154.75,152.725,0.03,0.05,0.04,152.58569094925588,0.17930905074416614,0.13930905074414568
TSLA,2026-02-19,270.0,146.55,148.25,147.4,0.03,0.05,0.04,147.58768507204547,-0.14768507204547632,-0.18768507204543994
TSLA,2026-02-19,275.0,140.8,144.1,142.45,0.04,0.06,0.05,142.59967919483506,-0.09967919483506194,-0.1496791948350733
TSLA,2026-02-19,280.0,136.7,138.65,137.675,0.05,0.06,0.055,137.6066733176247,0.12332668237530697,0.06832668237530015
TSLA,2026-02-19,285.0,130.9,134.5,132.7,0.05,0.07,0.060000000000000005,132.6136674404143,0.14633255958568725,0.08633255958568498
TSLA,2026-02-19,290.0,126.8,129.8,128.3,0.07,0.08,0.07500000000000001,127.63066156320389,0.744338436796113,0.6693384367961244
TSLA,2026-02-19,295.0,120.85,123.85,122.35,0.08,0.09,0.08499999999999999,122.64265568599347,-0.20765568599347262,-0.2926556859934948
TSLA,2026-02-19,300.0,116.8,118.55,117.675,0.09,0.1,0.095,117.65464980878318,0.11535019121686219,0.02035019121684911
TSLA,2026-02-19,305.0,110.9,113.75,112.325,0.11,0.12,0.11499999999999999,112.67664393157276,-0.23664393157275754,-0.3516439315727382
TSLA,2026-02-19,310.0,106.85,108.55,107.69999999999999,0.12,0.14,0.13,107.69363805436234,0.13636194563764548,0.006361945637650024
TSLA,2026-02-19,315.0,101.75,103.4,102.575,0.14,0.16,0.15000000000000002,102.71563217715197,0.009367822847991647,-0.14063217715199983
TSLA,2026-02-19,320.0,96.9,98.6,97.75,0.16,0.18,0.16999999999999998,97.73762629994161,0.18237370005840603,0.012373700058404324
TSLA,2026-02-19,325.0,91.15,93.8,92.475,0.19,0.21,0.2,92.76962042273118,-0.09462042273116822,-0.2946204227311995
TSLA,2026-02-19,330.0,86.65,89.05,87.85,0.22,0.23,0.225,87.79661454552087,0.27838545447917795,0.053385454479155214
TSLA,2026-02-19,335.0,81.25,84.85,83.05,0.24,0.25,0.245,82.81860866831045,0.4763913316895696,0.23139133168955084
TSLA,2026-02-19,340.0,77.15,78.7,77.92500000000001,0.28,0.29,0.28500000000000003,77.86060279110006,0.3493972088999726,0.06439720889997602
TSLA,2026-02-19,345.0,71.95,74.1,73.025,0.32,0.33,0.325,72.90259691388968,0.4474030861102847,0.12240308611031026
TSLA,2026-02-19,350.0,67.3,69.0,68.15,0.36,0.37,0.365,67.9445910366793,0.5704089633206877,0.20540896332072123
TSLA,2026-02-19,355.0,61.65,64.75,63.2,0.4,0.42,0.41000000000000003,62.99158515946891,0.6184148405311021,0.2084148405311197
TSLA,2026-02-19,360.0,57.5,58.9,58.2,0.46,0.48,0.47,58.05357928225851,0.6164207177415051,0.14642071774152043
TSLA,2026-02-19,365.0,52.3,54.2,53.25,0.54,0.56,0.55,53.13557340504815,0.6644265949518626,0.11442659495186547
TSLA,2026-02-19,370.0,48.0,48.85,48.425,0.64,0.66,0.65,48.23756752783771,0.837432472162277,0.18743247216226422
TSLA,2026-02-19,372.5,45.6,46.35,45.975,0.71,0.74,0.725,45.813564589232556,0.8864354107674899,0.16143541076746715
TSLA,2026-02-19,375.0,43.0,44.25,43.625,0.79,0.81,0.8,43.38956165062734,1.0354383493726687,0.2354383493726715
TSLA,2026-02-19,377.5,40.8,41.55,41.175,0.89,0.91,0.9,40.990558712022164,1.0844412879778247,0.1844412879778119
TSLA,2026-02-19,380.0,38.5,39.2,38.85,1.01,1.03,1.02,38.61155577341697,1.2584442265830376,0.23844422658301312
TSLA,2026-02-19,385.0,33.5,34.55,34.025,1.31,1.34,1.3250000000000002,33.91854989620657,1.431450103793395,0.10645010379341358
TSLA,2026-02-19,387.5,31.2,32.5,31.85,1.51,1.54,1.525,31.619546957601358,1.755453042398642,0.2304530423986222
TSLA,2026-02-19,390.0,29.25,29.9,29.575,1.74,1.78,1.76,29.35554401899617,1.9794559810038095,0.21945598100381858
TSLA,2026-02-19,392.5,27.05,27.75,27.4,2.02,2.06,2.04,27.136541080391055,2.303458919608943,0.26345891960896495
TSLA,2026-02-19,395.0,24.8,25.55,25.175,2.36,2.39,2.375,24.972538141785833,2.5774618582141784,0.20246185821416773
TSLA,2026-02-19,397.5,22.7,23.45,23.075,2.73,2.77,2.75,22.84853520318063,2.976464796819357,0.22646479681936782
TSLA,2026-02-19,400.0,20.8,21.05,20.925,3.15,3.25,3.2,20.79953226457542,3.3254677354245814,0.12546773542457146
TSLA,2026-02-19,402.5,18.85,19.05,18.950000000000003,3.65,3.75,3.7,18.800529325970217,3.84947067402976,0.1494706740297751
TSLA,2026-02-19,405.0,16.95,17.15,17.049999999999997,4.25,4.35,4.3,16.90152638736504,4.448473612634984,0.1484736126349695
TSLA,2026-02-19,407.5,15.15,15.35,15.25,4.95,5.05,5.0,15.102523448759825,5.147476551240175,0.14747655124017456
TSLA,2026-02-19,410.0,13.4,13.6,13.5,5.7,5.8,5.75,13.35352051015468,5.896479489845319,0.14647948984531922
TSLA,2026-02-19,412.5,11.8,11.95,11.875,6.6,6.7,6.65,11.754517571549457,6.770482428450521,0.12048242845052037
TSLA,2026-02-19,415.0,10.3,10.45,10.375,7.6,7.7,7.65,10.255514632944255,7.769485367055722,0.11948536705572188
TSLA,2026-02-19,417.5,8.95,9.05,9.0,8.7,8.8,8.75,8.856511694339076,8.893488305660924,0.14348830566092374
TSLA,2026-02-19,420.0,7.65,7.75,7.7,9.9,10.0,9.95,7.557508755733863,10.092491244266114,0.14249124426612614
TSLA,2026-02-19,422.5,6.5,6.6,6.55,11.25,11.4,11.325,6.433505817128662,11.441494182871338,0.11649418287132729
TSLA,2026-02-19,425.0,5.5,5.6,5.55,12.7,12.9,12.8,5.40950287852354,12.940497121476483,0.14049712147647053
TSLA,2026-02-19,427.5,4.6,4.7,4.65,14.3,14.5,14.4,4.510499939918304,14.53950006008165,0.13950006008167293
TSLA,2026-02-19,430.0,3.8,3.9,3.8499999999999996,16.0,16.2,16.1,3.7114970013131483,16.238502998686897,0.13850299868687266
TSLA,2026-02-19,432.5,3.1,3.2,3.1500000000000004,17.85,18.05,17.950000000000003,3.0624940627079127,18.037505937292053,0.08750593729207345
TSLA,2026-02-19,435.0,2.55,2.6,2.575,19.75,20.0,19.875,2.4884911241027226,19.961508875897266,0.08650887589727674
TSLA,2026-02-19,437.5,2.07,2.1,2.085,21.45,22.25,21.85,1.9644881854975438,21.97051181450246,0.12051181450247839
TSLA,2026-02-19,440.0,1.66,1.69,1.6749999999999998,23.65,24.4,24.025,1.6404852468923536,24.059514753107635,0.03451475310762575
TSLA,2026-02-19,442.5,1.32,1.36,1.34,25.7,27.1,26.4,1.5164823082871521,26.2235176917128,-0.1764823082871736
TSLA,2026-02-19,445.0,1.05,1.08,1.065,27.9,28.9,28.4,1.0174793696819506,28.447520630318024,0.04752063031802933
TSLA,2026-02-19,447.5,0.83,0.86,0.845,29.8,31.65,30.725,0.8434764310767946,30.726523568923255,0.0015235689232255822
TSLA,2026-02-19,450.0,0.66,0.68,0.67,32.65,33.4,33.025,0.6444734924715476,33.050526507528446,0.025526507528432774
TSLA,2026-02-19,452.5,0.52,0.54,0.53,34.4,36.2,35.3,0.4204705538663802,35.409529446133604,0.10952944613363513
TSLA,2026-02-19,455.0,0.41,0.43,0.42,37.3,38.15,37.724999999999994,0.3464676152611901,37.79853238473885,0.07353238473884005
TSLA,2026-02-19,457.5,0.32,0.35,0.33499999999999996,39.7,40.55,40.125,0.24746467665602268,40.21253532334396,0.08753532334397818
TSLA,2026-02-19,460.0,0.26,0.28,0.27,42.25,43.0,42.625,0.24846173805082117,42.64653826194916,0.021538261949181958
TSLA,2026-02-19,462.5,0.21,0.22,0.215,44.25,45.8,45.025,0.14945879944559692,45.090541200554355,0.06554120055438517
TSLA,2026-02-19,465.0,0.17,0.18,0.175,47.15,47.95,47.55,0.17545586084042952,47.54954413915959,-0.0004558608404181541
TSLA,2026-02-19,470.0,0.11,0.12,0.11499999999999999,52.1,52.9,52.5,0.12744998363001514,52.487550016369994,-0.01244998363001315
TSLA,2026-02-19,475.0,0.08,0.09,0.08499999999999999,57.15,57.9,57.525,0.15444410641964623,57.45555589358031,-0.0694441064196667
TSLA,2026-02-19,480.0,0.06,0.07,0.065,61.55,63.4,62.474999999999994,0.10643822920928869,62.43356177079073,-0.041438229209262545
TSLA,2026-02-19,485.0,0.04,0.06,0.05,66.45,68.65,67.55000000000001,0.1834323519988743,67.41656764800115,-0.13343235199887715
TSLA,2026-02-19,490.0,0.03,0.05,0.04,71.45,73.65,72.55000000000001,0.18542647478852814,72.4045735252115,-0.1454264747885219
TSLA,2026-02-19,495.0,0.02,0.04,0.03,76.45,78.65,77.55000000000001,0.18742059757812513,77.39257940242186,-0.157420597578124
TSLA,2026-02-19,500.0,0.02,0.03,0.025,82.0,83.2,82.6,0.23941472036773348,82.38558527963227,-0.21441472036769937
TSLA,2026-02-19,505.0,0.01,0.03,0.02,86.45,88.65,87.55000000000001,0.19140884315737594,87.37859115684262,-0.17140884315737992
TSLA,2026-02-19,510.0,0.01,0.02,0.015,91.5,93.65,92.575,0.2184029659469502,92.37159703405302,-0.20340296594696383
TSLA,2026-02-19,515.0,0.01,0.02,0.015,96.7,98.3,97.5,0.14539708873655854,97.36960291126343,-0.13039708873655798
TSLA,2026-02-19,520.0,0.01,0.02,0.015,102.1,102.95,102.525,0.1723912115261328,102.36760878847383,-0.15739121152616065
TSLA,2026-02-19,525.0,0.01,0.02,0.015,106.8,108.25,107.525,0.17438533431572978,107.36561466568423,-0.15938533431575763
TSLA,2026-02-19,530.0,0.01,0.02,0.015,112.15,112.95,112.55000000000001,0.20137945710541771,112.36362054289452,-0.186379457105474
TSLA,2026-02-19,535.0,0.0,0.01,0.005,116.7,118.3,117.5,0.15337357989506017,117.35162642010494,-0.14837357989506472
TSLA,2026-02-19,540.0,0.0,0.01,0.005,122.1,123.3,122.69999999999999,0.35536770268470264,122.34963229731534,-0.35036770268465034
TSLA,2026-02-19,545.0,0.0,0.01,0.005,127.1,128.3,127.7,0.3573618254742996,127.34763817452574,-0.35236182547426154
TSLA,2026-02-19,550.0,0.0,0.01,0.005,132.15,132.9,132.525,0.1843559482638284,132.34564405173614,-0.17935594826386136
TSLA,2026-02-19,555.0,0.0,0.01,0.005,136.7,138.3,137.5,0.16135007105344812,137.34364992894655,-0.15635007105345267
TSLA,2026-02-19,560.0,0.0,0.01,0.005,141.7,143.3,142.5,0.1633441938431588,142.34165580615684,-0.15834419384316334
TSLA,2026-02-19,565.0,0.0,0.01,0.005,146.7,148.3,147.5,0.16533831663275578,147.33966168336724,-0.16033831663276032
TSLA,2026-02-19,570.0,0.0,0.01,0.005,151.7,153.3,152.5,0.16733243942235276,152.33766756057764,-0.1623324394223573
TSLA,2026-02-19,575.0,0.0,0.01,0.005,156.8,158.25,157.525,0.194326562211927,157.33567343778805,-0.18932656221195998
TSLA,2026-02-19,580.0,0.0,0.01,0.005,162.15,162.95,162.55,0.22132068500150126,162.33367931499845,-0.21632068500156265
TSLA,2026-02-19,585.0,0.0,0.01,0.005,167.1,167.9,167.5,0.17331480779114372,167.33168519220885,-0.16831480779114827
TSLA,2026-02-19,590.0,0.0,0.01,0.005,171.7,173.3,172.5,0.1753089305807407,172.32969106941925,-0.17030893058074525
TSLA,2026-02-19,595.0,0.0,0.01,0.005,158.95,161.9,160.425,-16.897696946629594,177.32769694662954,16.902696946629533
TSLA,2026-02-19,600.0,0.0,0.01,0.005,181.8,183.25,182.525,0.20429717616002563,182.32570282383995,-0.1992971761600586
TSLA,2026-02-19,605.0,0.0,0.01,0.005,186.7,188.3,187.5,0.18129129894964535,187.32370870105035,-0.1762912989496499
TSLA,2026-02-19,610.0,0.0,0.01,0.005,191.7,193.3,192.5,0.18328542173924234,192.32171457826075,-0.17828542173924689
TSLA,2026-02-19,615.0,0.0,0.01,0.005,191.55,192.7,192.125,-5.189720455471161,197.31972045547116,5.194720455471156
TSLA,2026-02-19,620.0,0.0,0.01,0.005,201.7,203.3,202.5,0.1872736673184363,202.31772633268156,-0.18227366731844086
TSLA,2026-02-19,625.0,0.0,0.01,0.005,206.8,208.25,207.525,0.21426779010812425,207.31573220989185,-0.20926779010815721
TSLA,2026-02-19,630.0,0.0,0.01,0.005,206.6,207.75,207.175,-5.1337380871023015,212.31373808710225,5.13873808710224
TSLA,2026-02-19,635.0,0.0,0.01,0.005,211.55,212.7,212.125,-5.181743964312659,217.31174396431265,5.1867439643126545
TSLA,2026-02-19,640.0,0.0,0.01,0.005,216.45,217.5,216.975,-5.329749841523039,222.30974984152306,5.334749841523063
TSLA,2026-02-19,645.0,0.0,0.01,0.005,221.45,222.6,222.02499999999998,-5.277755718733488,227.30775571873346,5.282755718733483
TSLA,2026-02-19,650.0,0.0,0.01,0.005,231.8,233.25,232.525,0.22423840405610918,232.30576159594386,-0.21923840405614214
TSLA,2026-02-19,655.0,0.0,0.01,0.005,236.7,238.3,237.5,0.2012325268457289,237.30376747315427,-0.19623252684573345
TSLA,2026-02-19,660.0,0.0,0.01,0.005,241.7,243.3,242.5,0.20322664963543957,242.30177335036456,-0.19822664963544412
TSLA,2026-02-19,665.0,0.0,0.01,0.005,246.7,248.3,247.5,0.20522077242503656,247.29977922757496,-0.2002207724250411
TSLA,2026-02-19,670.0,0.0,0.01,0.005,234.05,237.0,235.525,-16.76778510478539,252.29778510478536,16.772785104785356
TSLA,2026-02-19,675.0,0.0,0.01,0.005,239.55,242.1,240.825,-16.465790981995724,257.29579098199576,16.470790981995776
TSLA,2026-02-19,680.0,0.0,0.01,0.005,244.05,247.0,245.525,-16.763796859206195,262.29379685920617,16.768796859206162
TSLA,2026-02-19,685.0,0.0,0.01,0.005,249.05,252.0,250.525,-16.7618027364166,267.29180273641657,16.766802736416565
TSLA,2026-02-19,690.0,0.0,0.01,0.005,254.6,256.85,255.72500000000002,-16.559808613626842,272.28980861362686,16.564808613626838
TSLA,2026-02-19,695.0,0.0,0.01,0.005,259.6,261.85,260.725,-16.557814490837245,277.28781449083726,16.56281449083724
TSLA,2026-02-19,700.0,0.0,0.01,0.005,281.8,283.25,282.525,0.2441796319523064,282.28582036804767,-0.23917963195231096
TSLA,2026-02-19,705.0,0.0,0.01,0.005,286.7,288.3,287.5,0.22117375474192613,287.28382624525807,-0.21617375474193068
TSLA,2026-02-19,710.0,0.0,0.01,0.005,272.1,274.5,273.3,-18.976832122468522,292.2818321224685,18.98183212246846
TSLA,2026-02-19,720.0,0.0,0.01,0.005,281.75,284.35,283.05,-19.22284387688933,302.2778438768893,19.227843876889267
TSLA,2026-02-19,730.0,0.0,0.01,0.005,292.05,294.5,293.275,-18.993855631309998,312.27385563130997,18.998855631309993
TSLA,2026-02-19,740.0,0.0,0.01,0.005,302.0,304.25,303.125,-19.13986738573078,322.2698673857308,19.144867385730777
TSLA,2026-02-19,750.0,0.0,0.01,0.005,314.7,316.7,315.7,-16.560879140151542,332.2658791401516,16.565879140151594
TSLA,2026-02-19,760.0,0.0,0.01,0.005,321.75,324.25,323.0,-19.25689089457228,342.2618908945723,19.261890894572275
TSLA,2026-02-19,770.0,0.0,0.01,0.005,334.5,337.25,335.875,-16.377902648993086,352.2579026489931,16.38290264899308
TSLA,2026-02-19,780.0,0.0,0.01,0.005,342.05,344.5,343.275,-18.973914403413914,362.2539144034139,18.97891440341391
TSLA,2026-02-19,790.0,0.0,0.01,0.005,352.05,354.5,353.275,-18.969926157834607,372.2499261578346,18.974926157834602
TSLA,2026-02-19,800.0,0.0,0.01,0.005,361.95,364.4,363.17499999999995,-19.065937912255436,382.2459379122554,19.07093791225543
TSLA,2026-02-19,810.0,0.0,0.01,0.005,372.35,374.95,373.65,-18.58694966667622,392.2419496666762,18.591949666676214
TSLA,2026-02-19,830.0,0.0,0.01,0.005,421.95,429.3,425.625,13.396026824482306,412.2339731755177,-13.39102682448231
TSLA,2026-02-19,840.0,0.0,0.01,0.005,431.95,439.45,435.7,13.475015070061545,422.2299849299385,-13.470015070061493
TSLA,2026-02-19,850.0,0.0,0.01,0.005,412.45,414.85,413.65,-18.570996684359216,432.2259966843592,18.57599668435921
TSLA,2026-02-19,860.0,0.0,0.01,0.005,422.05,424.5,423.275,-18.94200843878002,442.22200843878,18.947008438780017
TSLA,2026-02-19,870.0,0.0,0.01,0.005,434.05,437.0,435.525,-16.688020193200828,452.2180201932008,16.693020193200823
TSLA,2026-02-19,880.0,0.0,0.01,0.005,442.05,444.5,443.275,-18.93403194762152,462.2140319476215,18.939031947621515
TSLA,2026-02-19,890.0,0.0,0.01,0.005,452.15,454.5,453.325,-18.880043702042258,472.2100437020423,18.88504370204231
TSLA,2026-02-19,910.0,0.0,0.01,0.005,486.6,487.75,487.175,-5.022067210883961,492.2020672108839,5.027067210883899
TSLA,2026-02-19,920.0,0.0,0.01,0.005,496.55,497.7,497.125,-5.068078965304608,502.1980789653046,5.073078965304603
TSLA,2026-02-19,930.0,0.0,0.01,0.005,491.75,493.5,492.625,-19.564090719725414,512.1940907197254,19.56909071972541
TSLA,2026-02-19,940.0,0.0,0.01,0.005,502.45,504.95,503.7,-18.485102474146174,522.1901024741462,18.490102474146227
TSLA,2026-02-22,360.0,57.2,59.8,58.5,0.65,0.68,0.665,58.356224333480725,0.8087756665192956,0.1437756665192964
TSLA,2026-02-22,365.0,52.6,54.3,53.45,0.77,0.81,0.79,53.48471352642622,0.7552864735737899,-0.034713526426195074
TSLA,2026-02-22,375.0,43.15,44.9,44.025,1.15,1.19,1.17,43.8716919123172,1.3233080876827898,0.15330808768280946
TSLA,2026-02-22,385.0,33.9,35.4,34.65,1.84,1.89,1.865,34.57367029820813,1.941329701791858,0.07632970179187737
TSLA,2026-02-22,390.0,29.35,31.2,30.275,2.37,2.44,2.4050000000000002,30.117159491153586,2.5628405088463637,0.1578405088463839
TSLA,2026-02-22,395.0,25.5,26.55,26.025,3.05,3.15,3.0999999999999996,25.81564868409913,3.3093513159008694,0.2093513159008893
TSLA,2026-02-22,400.0,21.75,21.95,21.85,4.0,4.1,4.05,21.769137877044557,4.130862122955477,0.08086212295545536
TSLA,2026-02-22,402.5,19.8,20.05,19.925,4.6,4.7,4.65,19.87088247351727,4.704117526482719,0.054117526482707845
TSLA,2026-02-22,405.0,18.0,18.2,18.1,5.2,5.35,5.275,17.997627069990017,5.377372930009983,0.1023729300099614
TSLA,2026-02-22,407.5,16.2,16.4,16.299999999999997,5.95,6.1,6.025,16.249371666462764,6.0756283335372245,0.05062833353720997
TSLA,2026-02-22,410.0,14.5,14.7,14.6,6.75,6.9,6.825,14.551116262935523,6.873883737064489,0.04888373706446547
TSLA,2026-02-22,412.5,12.95,13.15,13.05,7.7,7.8,7.75,12.977860859408281,7.82213914059173,0.07213914059171955
TSLA,2026-02-22,415.0,11.45,11.65,11.55,8.7,8.85,8.774999999999999,11.504605455880949,8.82039454411904,0.045394544119030655
TSLA,2026-02-22,417.5,10.1,10.25,10.175,9.8,9.95,9.875,10.106350052353719,9.943649947646293,0.06864994764628207
TSLA,2026-02-22,420.0,8.85,8.95,8.899999999999999,11.0,11.2,11.1,8.833094648826489,11.166905351173511,0.06690535117353313
TSLA,2026-02-22,422.5,7.65,7.8,7.725,12.35,12.55,12.45,7.684839245299202,12.49016075470081,0.04016075470078739
TSLA,2026-02-22,425.0,6.6,6.75,6.675,13.8,14.0,13.9,6.636583841771937,13.938416158228051,0.03841615822803934
TSLA,2026-02-22,427.5,5.65,5.8,5.725,15.35,15.55,15.45,5.688328438244696,15.486671561755315,0.03667156175529307
TSLA,2026-02-22,430.0,4.8,4.95,4.875,17.0,17.2,17.1,4.840073034717477,17.134926965282546,0.03492696528254413
TSLA,2026-02-22,432.5,4.05,4.2,4.125,18.75,18.95,18.85,4.091817631190224,18.8831823688098,0.03318236880979697
TSLA,2026-02-22,435.0,3.4,3.55,3.4749999999999996,20.6,20.8,20.700000000000003,3.4435622276628806,20.73143777233713,0.03143777233710665
TSLA,2026-02-22,437.5,2.87,2.94,2.9050000000000002,22.5,22.75,22.625,2.870306824135639,22.659693175864334,0.03469317586436205
TSLA,2026-02-22,440.0,2.38,2.44,2.41,24.25,25.75,25.0,2.7470514206083863,24.66294857939164,-0.3370514206083861
TSLA,2026-02-22,442.5,1.97,2.02,1.995,26.25,27.9,27.075,2.323796017081122,26.74620398291887,-0.3287960170811317
TSLA,2026-02-22,445.0,1.61,1.67,1.6400000000000001,28.35,30.15,29.25,2.0005406135538806,28.889459386446106,-0.36054061355388
TSLA,2026-02-22,447.5,1.32,1.37,1.3450000000000002,30.35,32.65,31.5,1.7522852100266277,31.0927147899734,-0.4072852100266289
TSLA,2026-02-22,450.0,1.08,1.12,1.1,32.7,34.7,33.7,1.4540298064993635,33.34597019350065,-0.3540298064993763
TSLA,2026-02-22,452.5,0.88,0.91,0.895,34.3,37.05,35.675,0.9307744029720766,35.63922559702792,-0.03577440297205925
TSLA,2026-02-22,455.0,0.71,0.74,0.725,36.7,39.0,37.85,0.6075189994448351,37.96748100055521,0.11748100055518762
TSLA,2026-02-22,457.5,0.58,0.61,0.595,39.8,41.65,40.724999999999994,0.9842635959175823,40.33573640408247,-0.389263595917555
TSLA,2026-02-22,460.0,0.46,0.49,0.475,41.55,44.0,42.775,0.536008192390284,42.713991807609716,-0.06100819239030386
TSLA,2026-02-22,470.0,0.2,0.23,0.21500000000000002,51.7,53.65,52.675,0.4429865782812499,52.44701342171874,-0.22798657828123225
SPY,2026-02-16,500.0,180.46,183.18,181.82,0.0,0.01,0.005,181.80486052746113,0.020139472538858172,0.01513947253886272
SPY,2026-02-16,550.0,130.47,133.19,131.82999999999998,0.0,0.01,0.005,131.80984658020725,0.02515341979267305,0.02015341979273444
SPY,2026-02-16,595.0,85.49,88.13,86.81,0.02,0.03,0.025,86.83433402767878,0.0006659723211441815,-0.02433402767880466
SPY,2026-02-16,635.0,45.53,48.23,46.879999999999995,0.06,0.07,0.065,46.87832286987566,0.0666771301243898,0.0016771301243920789
SPY,2026-02-16,640.0,40.55,43.24,41.894999999999996,0.07,0.08,0.07500000000000001,41.88882147515028,0.08117852484974719,0.00617852484975856
SPY,2026-02-16,645.0,35.56,38.25,36.905,0.08,0.09,0.08499999999999999,36.8993200804249,0.09067991957510912,0.005679919575136694
SPY,2026-02-16,650.0,31.7,32.19,31.945,0.1,0.11,0.10500000000000001,31.91981868569951,0.13018131430055746,0.025181314300507296
SPY,2026-02-16,655.0,26.76,27.22,26.990000000000002,0.14,0.15,0.14500000000000002,26.960317290974103,0.17468270902588756,0.029682709025880882
SPY,2026-02-16,660.0,21.83,22.29,22.06,0.21,0.22,0.215,22.030815896248782,0.24418410375119493,0.029184103751248358
SPY,2026-02-16,661.0,20.82,21.31,21.064999999999998,0.23,0.24,0.235,21.050915617303644,0.24908438269642375,0.01408438269636747
SPY,2026-02-16,662.0,19.69,20.3,19.995,0.26,0.27,0.265,20.081015338358498,0.1789846616414934,-0.08601533835851072
SPY,2026-02-16,663.0,18.85,19.38,19.115000000000002,0.29,0.3,0.295,19.111115059413464,0.29888494058650394,0.0038849405864951336
SPY,2026-02-16,664.0,17.92,18.39,18.155,0.32,0.34,0.33,18.146214780468426,0.33878521953158725,0.008785219531617372
SPY,2026-02-16,665.0,16.89,17.42,17.155,0.37,0.38,0.375,17.191314501523266,0.3386854984767069,-0.03631450152326465
SPY,2026-02-16,667.0,14.98,15.54,15.26,0.48,0.5,0.49,15.30651394363315,0.4434860563668508,-0.04651394363314054
SPY,2026-02-16,668.0,14.12,14.62,14.37,0.56,0.57,0.565,14.381613664688189,0.5533863353118704,-0.011613664688134406
SPY,2026-02-16,669.0,13.19,13.7,13.445,0.64,0.66,0.65,13.466713385742992,0.6282866142570356,-0.021713385743014513
SPY,2026-02-16,670.0,12.31,12.8,12.555,0.74,0.75,0.745,12.5618131067979,0.7381868932020552,-0.006813106797894264
SPY,2026-02-16,671.0,11.31,11.91,11.61,0.85,0.87,0.86,11.676912827852902,0.7930871721471249,-0.06691282785288877
SPY,2026-02-16,672.0,10.54,11.01,10.774999999999999,0.97,1.0,0.985,10.802012548907783,0.9579874510922082,-0.02701254890776994
SPY,2026-02-16,673.0,9.8,10.21,10.005,1.12,1.14,1.13,9.947112269962645,1.187887730037346,0.05788773003735059
SPY,2026-02-16,674.0,9.02,9.37,9.195,1.28,1.31,1.295,9.112211991017602,1.3777880089824066,0.08278800898235694
SPY,2026-02-16,675.0,8.31,8.45,8.379999999999999,1.47,1.49,1.48,8.297311712072542,1.5626882879274717,0.08268828792747485
SPY,2026-02-16,676.0,7.53,7.65,7.59,1.68,1.7,1.69,7.507411433127572,1.772588566872514,0.08258856687248262
SPY,2026-02-16,677.0,6.76,6.89,6.824999999999999,1.91,1.94,1.9249999999999998,6.742511154182353,2.0074888458176474,0.08248884581760141
SPY,2026-02-16,678.0,6.02,6.15,6.085,2.17,2.2,2.185,6.002610875237224,2.267389124762758,0.08238912476272153
SPY,2026-02-16,679.0,5.31,5.43,5.369999999999999,2.46,2.49,2.475,5.292710596292295,2.552289403707732,0.07728940370772674
SPY,2026-02-16,680.0,4.65,4.7,4.675000000000001,2.78,2.8,2.79,4.607810317347116,2.857189682652802,0.06718968265284797
SPY,2026-02-16,681.0,4.01,4.04,4.025,3.14,3.16,3.1500000000000004,3.9679100384020103,3.2070899615979442,0.057089961597966976
SPY,2026-02-16,682.0,3.4,3.44,3.42,3.53,3.57,3.55,3.3680097594569816,3.601990240542932,0.051990240542973076
SPY,2026-02-16,683.0,2.85,2.87,2.8600000000000003,3.91,4.01,3.96,2.7781094805119437,4.041890519488106,0.081890519488093
SPY,2026-02-16,684.0,2.33,2.35,2.34,4.38,4.51,4.445,2.2632092015668377,4.521790798433244,0.0767907984332119
SPY,2026-02-16,685.0,1.86,1.87,1.8650000000000002,4.79,5.12,4.955,1.7733089226218226,5.046691077378227,0.09169107737821847
SPY,2026-02-16,686.0,1.44,1.46,1.45,5.38,5.79,5.585,1.4034086436766984,5.6315913563233835,0.04659135632333822
SPY,2026-02-16,687.0,1.07,1.09,1.08,6.05,6.44,6.245,1.0635083647316605,6.261491635268385,0.016491635268343963
SPY,2026-02-16,688.0,0.77,0.79,0.78,6.71,7.3,7.005,0.8236080857865318,6.961391914213436,-0.043608085786535966
SPY,2026-02-16,689.0,0.53,0.55,0.54,7.5,8.02,7.76,0.5787078068414075,7.721292193158547,-0.03870780684141639
SPY,2026-02-16,690.0,0.35,0.37,0.36,8.32,8.67,8.495000000000001,0.3138075278964152,8.541192472103603,0.04619247210358779
SPY,2026-02-16,691.0,0.23,0.24,0.235,9.21,9.68,9.445,0.263907248951341,9.416092751048723,-0.02890724895129182
SPY,2026-02-16,692.0,0.14,0.15,0.14500000000000002,10.1,10.71,10.405000000000001,0.224006970006144,10.32599302999381,-0.07900697000617285
SPY,2026-02-16,693.0,0.09,0.1,0.095,11.05,11.6,11.325,0.14410669106121077,11.275893308938862,-0.04910669106116394
SPY,2026-02-16,694.0,0.05,0.06,0.055,11.8,12.88,12.34,0.15920641211607744,12.235793587883904,-0.10420641211604575
SPY,2026-02-16,695.0,0.03,0.04,0.035,13.02,13.6,13.309999999999999,0.12930613317098505,13.215693866828929,-0.0943061331710382
SPY,2026-02-16,696.0,0.02,0.03,0.025,14.04,14.48,14.26,0.07940585422591084,14.205594145774057,-0.05440585422591937
SPY,2026-02-16,697.0,0.02,0.03,0.025,15.05,15.47,15.260000000000002,0.07950557528079116,15.205494424719177,-0.054505575280801466
SPY,2026-02-16,698.0,0.01,0.02,0.015,16.01,16.47,16.240000000000002,0.05960529633580336,16.195394703664192,-0.044605296335795686
SPY,2026-02-16,699.0,0.01,0.02,0.015,17.02,17.38,17.2,0.01970501739072006,17.19529498260931,-0.004705017390673305
SPY,2026-02-16,700.0,0.01,0.02,0.015,18.03,18.49,18.259999999999998,0.07980473844554581,18.19519526155443,-0.06480473844555235
SPY,2026-02-16,701.0,0.01,0.02,0.015,19.04,19.39,19.215,0.03490445950058074,19.195095540499437,-0.0199044595005482
SPY,2026-02-16,702.0,0.01,0.02,0.015,20.02,20.48,20.25,0.07000418055542923,20.194995819444557,-0.05500418055542866
SPY,2026-02-16,703.0,0.01,0.02,0.015,19.89,22.61,21.25,0.07010390161042324,21.194896098389563,-0.05510390161042267
SPY,2026-02-16,704.0,0.01,0.02,0.015,20.89,23.62,22.255000000000003,0.07520362266529901,22.194796377334683,-0.060203622665305545
SPY,2026-02-16,705.0,0.01,0.02,0.015,21.89,24.61,23.25,0.07030334372018388,23.194696656279802,-0.05530334372018331
SPY,2026-02-16,706.0,0.01,0.02,0.015,22.89,25.61,24.25,0.07040306477517788,24.19459693522481,-0.05540306477517731
SPY,2026-02-16,707.0,0.0,0.01,0.005,23.89,26.61,25.25,0.0705027858300582,25.184497214169937,-0.0655027858300592
SPY,2026-02-16,708.0,0.0,0.01,0.005,24.89,27.61,26.25,0.07060250688493852,26.184397493115057,-0.06560250688493952
SPY,2026-02-16,710.0,0.0,0.01,0.005,26.89,29.61,28.25,0.07080194899481285,28.184198051005183,-0.06580194899481384
SPY,2026-02-16,713.0,0.0,0.01,0.005,29.89,32.62,31.255,0.07610111215956294,31.183898887840428,-0.07110111215956749
SPY,2026-02-16,715.0,0.0,0.01,0.005,31.89,34.61,33.25,0.07130055426944182,33.183699445730554,-0.06630055426943926
SPY,2026-02-16,720.0,0.0,0.01,0.005,36.89,39.61,38.25,0.07179915954407079,38.183200840455925,-0.06679915954406823
SPY,2026-02-16,740.0,0.0,0.01,0.005,56.89,59.61,58.25,0.07379358064247299,58.18120641935752,-0.06879358064247043
SPY,2026-02-17,600.0,80.58,83.22,81.9,0.05,0.06,0.055,81.92465929933337,0.030340700666556586,-0.024659299333421814
SPY,2026-02-17,625.0,55.61,58.32,56.965,0.08,0.09,0.08499999999999999,56.959645103472326,0.09035489652774231,0.005354896527713038
SPY,2026-02-17,640.0,40.68,43.36,42.019999999999996,0.14,0.15,0.14500000000000002,42.02263658595564,0.1423634140443255,-0.0026365859556634064
SPY,2026-02-17,645.0,36.93,37.33,37.129999999999995,0.18,0.19,0.185,37.06363374678335,0.2513662532165881,0.06636625321658585
SPY,2026-02-17,650.0,31.99,32.41,32.199999999999996,0.24,0.25,0.245,32.12463090761128,0.3203690923887734,0.07536909238872269
SPY,2026-02-17,655.0,26.96,27.52,27.240000000000002,0.36,0.37,0.365,27.245628068439032,0.359371931560986,-0.005628068439019529
SPY,2026-02-17,660.0,22.32,22.73,22.525,0.57,0.59,0.58,22.461625229266815,0.6433747707332031,0.06337477073322617
SPY,2026-02-17,661.0,21.24,21.78,21.509999999999998,0.63,0.65,0.64,21.521824661432333,0.6281753385676438,-0.011824661432349615
SPY,2026-02-17,662.0,20.26,20.86,20.560000000000002,0.7,0.72,0.71,20.592024093597956,0.6779759064020254,-0.03202409359791858
SPY,2026-02-17,663.0,19.41,19.88,19.645,0.77,0.79,0.78,19.662223525763466,0.7627764742364889,-0.017223525763494507
SPY,2026-02-17,665.0,17.71,18.06,17.884999999999998,0.94,0.96,0.95,17.83262239009457,1.0023776099054658,0.05237760990547358
SPY,2026-02-17,667.0,15.72,16.29,16.005,1.14,1.17,1.1549999999999998,16.038021254425644,1.1219787455743244,-0.03302125442567139
SPY,2026-02-17,668.0,14.84,15.39,15.115,1.26,1.28,1.27,15.153220686591226,1.2317793134087651,-0.038220686591243336
SPY,2026-02-17,669.0,13.98,14.55,14.265,1.39,1.41,1.4,14.283420118756794,1.3815798812431694,-0.018420118756816706
SPY,2026-02-17,670.0,13.22,13.69,13.455,1.53,1.55,1.54,13.423619550922353,1.571380449077651,0.031380449077609285
SPY,2026-02-17,671.0,12.29,12.82,12.555,1.68,1.71,1.6949999999999998,12.5788189830879,1.6711810169121009,-0.023818983087849688
SPY,2026-02-17,672.0,11.69,11.96,11.825,1.85,1.88,1.865,11.749018415253431,1.9409815847466234,0.07598158474657701
SPY,2026-02-17,673.0,10.88,11.15,11.015,2.03,2.06,2.045,10.929217847418954,2.1307821525809914,0.08578215258100563
SPY,2026-02-17,674.0,10.08,10.35,10.215,2.23,2.26,2.245,10.129417279584572,2.330582720415464,0.0855827204154318
SPY,2026-02-17,675.0,9.3,9.54,9.42,2.45,2.48,2.465,9.349616711750173,2.535383288249818,0.07038328824985918
SPY,2026-02-17,676.0,8.54,8.73,8.635,2.69,2.72,2.705,8.589816143915755,2.750183856084277,0.04518385608428588
SPY,2026-02-17,677.0,7.8,8.05,7.925000000000001,2.95,2.98,2.965,7.850015576081319,3.0399844239186677,0.07498442391871407
SPY,2026-02-17,678.0,7.17,7.24,7.205,3.23,3.26,3.245,7.130215008246751,3.319784991753295,0.07478499175325393
SPY,2026-02-17,679.0,6.47,6.54,6.505,3.54,3.57,3.5549999999999997,6.440414440412269,3.6195855595876765,0.0645855595876812
SPY,2026-02-17,680.0,5.8,5.86,5.83,3.87,3.9,3.885,5.770613872577883,3.944386127422149,0.05938612742210836
SPY,2026-02-17,681.0,5.16,5.2,5.18,4.22,4.25,4.234999999999999,5.1208133047434785,4.294186695256485,0.059186695256535415
SPY,2026-02-17,682.0,4.54,4.58,4.5600000000000005,4.6,4.64,4.619999999999999,4.506012736909042,4.673987263090908,0.05398726309096347
SPY,2026-02-17,683.0,3.95,3.99,3.97,5.01,5.05,5.029999999999999,3.9162121690745835,5.0837878309254165,0.05378783092539008
SPY,2026-02-17,684.0,3.39,3.43,3.41,5.35,5.57,5.46,3.3464116012401064,5.523588398759898,0.06358839875993016
SPY,2026-02-17,685.0,2.87,2.9,2.885,5.78,6.05,5.915,2.8016110334056066,5.998388966594348,0.0833889665943568
SPY,2026-02-17,686.0,2.39,2.42,2.4050000000000002,6.24,6.68,6.46,2.3468104655712523,6.518189534428757,0.058189534428784384
SPY,2026-02-17,687.0,1.94,1.97,1.955,6.82,7.35,7.085,1.9720098977368252,7.067990102263252,-0.017009897736788737
SPY,2026-02-17,688.0,1.55,1.57,1.56,7.43,7.97,7.699999999999999,1.5872093299024073,7.672790670097584,-0.02720932990236058
SPY,2026-02-17,689.0,1.2,1.22,1.21,8.11,8.64,8.375,1.2624087620679347,8.322591237932102,-0.05240876206793477
SPY,2026-02-17,690.0,0.91,0.93,0.92,8.79,9.27,9.03,0.9176081942334804,9.032391805766451,0.0023918057664928938
SPY,2026-02-17,691.0,0.67,0.68,0.675,9.56,10.13,9.845,0.7328076263989942,9.787192373600988,-0.05780762639896686
SPY,2026-02-17,692.0,0.47,0.49,0.48,10.35,10.91,10.629999999999999,0.5180070585645353,10.591992941435478,-0.038007058564538454
SPY,2026-02-17,693.0,0.33,0.34,0.335,11.24,11.82,11.530000000000001,0.41820649073008553,11.446793509269924,-0.0832064907301131
SPY,2026-02-17,694.0,0.23,0.24,0.235,12.14,12.65,12.395,0.2834059228956676,12.346594077104328,-0.048405922895685904
SPY,2026-02-17,695.0,0.15,0.16,0.155,13.06,13.58,13.32,0.20860535506130873,13.266394644938714,-0.05360535506125963
SPY,2026-02-17,696.0,0.1,0.11,0.10500000000000001,13.78,14.99,14.385,0.27380478722682255,14.216195212773187,-0.168804787226831
SPY,2026-02-17,697.0,0.06,0.07,0.065,13.89,16.58,15.235,0.12400421939230455,15.175995780607764,-0.059004219392290835
SPY,2026-02-17,698.0,0.04,0.05,0.045,14.89,17.58,16.235,0.12420365155787749,16.155796348442095,-0.07920365155786158
SPY,2026-02-17,699.0,0.03,0.04,0.035,15.89,18.58,17.235,0.12440308372345044,17.14559691627653,-0.08940308372343608
SPY,2026-02-17,700.0,0.02,0.03,0.025,18.03,18.39,18.21,0.09960251588904612,18.135397484110968,-0.07460251588901201
SPY,2026-02-17,701.0,0.02,0.03,0.025,17.89,20.58,19.235,0.12480194805459632,19.135198051945395,-0.09980194805458353
SPY,2026-02-17,702.0,0.01,0.02,0.015,18.89,21.58,20.235,0.12500138022016927,20.12499861977983,-0.11000138022015449
SPY,2026-02-17,703.0,0.01,0.02,0.015,19.89,22.61,21.25,0.14020081238572857,21.124799187614258,-0.125200812385728
SPY,2026-02-17,704.0,0.01,0.02,0.015,20.89,23.61,22.25,0.14040024455118782,22.1245997554488,-0.12540024455118726
SPY,2026-02-17,705.0,0.01,0.02,0.015,21.89,24.61,23.25,0.14059967671676077,23.124400323283226,-0.1255996767167602
SPY,2026-02-17,706.0,0.01,0.02,0.015,22.89,25.61,24.25,0.1407991088823337,24.124200891117653,-0.12579910888233314
SPY,2026-02-17,707.0,0.01,0.02,0.015,23.89,26.61,25.25,0.14099854104790666,25.12400145895208,-0.1259985410479061
SPY,2026-02-17,708.0,0.01,0.02,0.015,24.89,27.61,26.25,0.1411979732134796,26.123802026786507,-0.12619797321347903
SPY,2026-02-17,709.0,0.01,0.02,0.015,25.89,28.61,27.25,0.14139740537905254,27.123602594620934,-0.12639740537905197
SPY,2026-02-17,710.0,0.01,0.02,0.015,26.89,29.61,28.25,0.1415968375446255,28.12340316245536,-0.12659683754462492
SPY,2026-02-17,717.0,0.01,0.02,0.015,33.89,36.61,35.25,0.14299286270340872,35.12200713729658,-0.12799286270340815
SPY,2026-02-17,730.0,0.0,0.01,0.005,46.89,49.61,48.25,0.1455854808557433,48.10941451914425,-0.14058548085574074
SPY,2026-02-18,645.0,35.94,38.73,37.334999999999994,0.32,0.33,0.325,37.267940999715506,0.39205900028457563,0.06705900028453016
SPY,2026-02-18,655.0,27.38,27.93,27.655,0.66,0.68,0.67,27.61593233304427,0.7090676669556615,0.039067666955688196
SPY,2026-02-18,660.0,22.69,23.22,22.955,0.99,1.01,1.0,22.947427999708793,1.0075720002912476,0.007572000291204972
SPY,2026-02-18,665.0,18.3,18.72,18.509999999999998,1.49,1.51,1.5,18.448923666373275,1.5610763336267155,0.0610763336267226
SPY,2026-02-18,666.0,17.41,17.84,17.625,1.61,1.64,1.625,17.57422279970615,1.675777200293851,0.05077720029385091
SPY,2026-02-18,667.0,16.56,16.98,16.77,1.75,1.77,1.76,16.709521933039014,1.820478066960959,0.06047806696097702
SPY,2026-02-18,669.0,14.95,15.23,15.09,2.05,2.07,2.0599999999999996,15.010120199704716,2.1398798002952617,0.07987980029523101
SPY,2026-02-18,670.0,14.12,14.4,14.26,2.21,2.24,2.225,14.17541933303778,2.3095806669622334,0.08458066696224265
SPY,2026-02-18,671.0,13.3,13.58,13.440000000000001,2.39,2.42,2.4050000000000002,13.355718466370604,2.4892815336294234,0.08428153362936897
SPY,2026-02-18,672.0,12.48,12.78,12.629999999999999,2.58,2.61,2.5949999999999998,12.546017599703532,2.6789824002964906,0.08398240029649529
SPY,2026-02-18,675.0,10.17,10.43,10.3,3.26,3.29,3.275,10.226914999702103,3.3480850002978286,0.07308500029787446
SPY,2026-02-18,676.0,9.43,9.69,9.559999999999999,3.51,3.54,3.525,9.47721413303509,3.607785866964832,0.0827858669648851
SPY,2026-02-18,677.0,8.8,8.87,8.835,3.79,3.82,3.8049999999999997,8.757513266367937,3.8824867336320494,0.0774867336320142
SPY,2026-02-18,678.0,8.09,8.17,8.129999999999999,4.08,4.12,4.1,8.052812399700883,4.177187600299135,0.07718760029913874
SPY,2026-02-18,679.0,7.4,7.47,7.4350000000000005,4.4,4.43,4.415,7.368111533033698,4.481888466966211,0.06688846696626616
SPY,2026-02-18,680.0,6.74,6.82,6.78,4.74,4.77,4.755,6.708410666366603,4.826589333633365,0.07158933363339237
SPY,2026-02-18,681.0,6.1,6.13,6.115,5.09,5.13,5.109999999999999,6.063709799699495,5.161290200300527,0.05129020030051912
SPY,2026-02-18,682.0,5.49,5.52,5.505,5.47,5.51,5.49,5.444008933032478,5.550991066967526,0.06099106696753065
SPY,2026-02-18,683.0,4.89,4.92,4.904999999999999,5.88,5.91,5.895,4.8493080663653245,5.95069193363463,0.055691933634657076
SPY,2026-02-18,684.0,4.31,4.35,4.33,6.2,6.44,6.32,4.274607199698266,6.3753928003018245,0.055392800301783396
SPY,2026-02-18,685.0,3.77,3.8,3.785,6.6,6.9,6.75,3.70490633303109,6.830093666968878,0.08009366696891007
SPY,2026-02-18,686.0,3.26,3.29,3.275,7.09,7.38,7.234999999999999,3.1902054663639774,7.3197945336360135,0.08479453363603673
SPY,2026-02-18,687.0,2.78,2.81,2.795,7.6,8.07,7.835,2.790504599696874,7.839495400303122,0.004495400303162533
SPY,2026-02-18,688.0,2.33,2.36,2.3449999999999998,8.13,8.71,8.420000000000002,2.375803733029784,8.389196266970202,-0.030803733029826752
SPY,2026-02-18,689.0,1.93,1.95,1.94,8.68,9.32,9.0,1.9561028663626985,8.983897133637356,-0.016102866362698975
SPY,2026-02-18,690.0,1.56,1.59,1.5750000000000002,9.33,9.79,9.559999999999999,1.5164019996955176,9.618598000304473,0.0585980003044293
SPY,2026-02-18,691.0,1.24,1.26,1.25,10.0,10.66,10.33,1.2867011330284868,10.293298866971554,-0.03670113302844591
SPY,2026-02-18,692.0,0.96,0.98,0.97,10.78,11.4,11.09,1.0470002663613514,11.012999733638708,-0.07700026636131874
SPY,2026-02-18,693.0,0.73,0.74,0.735,11.52,12.19,11.855,0.8122993996942114,11.77770060030582,-0.07729939969419419
SPY,2026-02-18,694.0,0.54,0.55,0.545,12.36,13.01,12.684999999999999,0.642598533027126,12.587401466972779,-0.09759853302717936
SPY,2026-02-18,695.0,0.39,0.4,0.395,13.22,13.81,13.515,0.4728976663600406,13.437102333639928,-0.07789766636005524
SPY,2026-02-18,696.0,0.27,0.28,0.275,14.11,14.66,14.385,0.34319679969291883,14.31680320030705,-0.06819679969292736
SPY,2026-02-18,697.0,0.18,0.19,0.185,15.05,15.64,15.345,0.3034959330258289,15.226504066974144,-0.11849593302580175
SPY,2026-02-18,698.0,0.12,0.13,0.125,14.89,17.58,16.235,0.19379506635868893,16.166204933641325,-0.06879506635867472
SPY,2026-02-18,699.0,0.08,0.09,0.08499999999999999,15.89,18.58,17.235,0.1940941996915626,17.125905800308487,-0.10909419969154754
SPY,2026-02-18,700.0,0.05,0.06,0.055,16.89,19.58,18.235,0.1943933330244363,18.095606666975527,-0.13939333302442236
SPY,2026-02-18,701.0,0.03,0.04,0.035,17.89,20.58,19.235,0.19469246635742365,19.075307533642558,-0.1596924663574093
SPY,2026-02-18,702.0,0.02,0.03,0.025,18.89,21.58,20.235,0.19499159969029733,20.065008400309694,-0.16999159969028454
SPY,2026-02-18,703.0,0.01,0.02,0.015,19.89,22.61,21.25,0.21029073302315737,21.05470926697683,-0.1952907330231568
SPY,2026-02-18,704.0,0.01,0.02,0.015,20.89,23.61,22.25,0.21058986635603105,22.054410133643955,-0.19558986635603048
SPY,2026-02-18,705.0,0.01,0.02,0.015,21.89,24.61,23.25,0.21088899968890473,23.05411100031108,-0.19588899968890416
SPY,2026-02-18,706.0,0.01,0.02,0.015,22.89,25.6,24.245,0.20618813302178296,24.053811866978208,-0.19118813302177884
SPY,2026-02-18,707.0,0.01,0.02,0.015,23.89,26.61,25.25,0.21148726635476578,25.05351273364522,-0.1964872663547652
SPY,2026-02-18,708.0,0.01,0.02,0.015,24.89,27.61,26.25,0.21178639968763946,26.053213600312347,-0.1967863996876389
SPY,2026-02-18,710.0,0.01,0.02,0.015,26.89,29.61,28.25,0.21238466635338682,28.0526153336466,-0.19738466635338625
SPY,2026-02-18,715.0,0.01,0.02,0.015,31.89,34.61,33.25,0.2138803330178689,33.05111966698212,-0.19888033301786834
SPY,2026-02-18,720.0,0.01,0.02,0.015,36.89,39.61,38.25,0.215375999682351,38.049624000317635,-0.20037599968235043
SPY,2026-02-18,730.0,0.0,0.01,0.005,46.89,49.61,48.25,0.21836733301120148,48.036632666988794,-0.21336733301119892
